OBČINA,KANDIDAT,SPOL,PREDLAGATELJ,OBLJUBA
MESTNA OBČINA KOPER,Marko Brecelj,m,AKACIJE,-1
OBČINA APAČE,Zvonko Bevk,m,ALEKSANDER BEVK IN SKUPINA VOLIVCEV,2
OBČINA TRZIN,Romeo Podlogar,m,ALENKA MARJETIČ ŽNIDER IN SKUPINA VOLIVCEV,0
OBČINA PODVELKA,Janez Otorepec,m,Alenka Medved in skupina volivcev,1
OBČINA KOBILJE,Aleš Lutar,m,ALEŠ LUTAR IN SKUPINA VOLIVCEV,-1
MESTNA OBČINA MARIBOR,Lidija Divjak Mirnik,ž,ALEŠ MIRNIK IN SKUPINA VOLIVCEV,2
OBČINA ILIRSKA BISTRICA,Aleš Zidar,m,Aleš Zidar in skupina volivcev,0
OBČINA TABOR,Ludvik Miklavc,m,Ali Khodary Eisa in skupina volivcev,1
OBČINA GORNJI GRAD,Anton Špeh,m,ALJAŽ ŠPEH IN SKUPINA VOLIVCEV,-1
OBČINA RAVNE NA KOROŠKEM,Tomaž Rožen,m,ALJAŽ VERHOVNIK IN SKUPINA OBČANOV,2
OBČINA VELIKA POLANA,Damijan Jaklin,m,ALOJZ JEREBIC IN SKUPINA VOLIVCEV,0
OBČINA ROGAŠOVCI,Edvard Mihalič,m,ALOJZ MEKIŠ IN SKUPINA VOLIVCEV,1
OBČINA DOLENJSKE TOPLICE,Jože Muhič,m,Alojz Puhan in skupina volivcev,-1
OBČINA JURŠINCI,Donald Rus,m,Alojz Rakuša in skupina volivcev,2
OBČINA ŠMARJE PRI JELŠAH,Janko Šket,m,Alojz Tirgušek in skupina volivcev,0
OBČINA KOSTANJEVICA NA KRKI,Vesna Hrovat,ž,Ana Pajić in skupina volivcev,1
OBČINA POSTOJNA,Igor Marentič,m,ANDREJ BERGINC IN SKUPINA VOLIVCEV,-1
MESTNA OBČINA PTUJ,Andrej Čuš,m,Andrej Čuš in skupina volivcev,2
OBČINA KUNGOTA,Tamara Šnofl,ž,ANDREJ PLOHL IN SKUPINA VOLIVCEV,0
OBČINA LUČE,Ciril Rosc,m,Andrej Šiljar in skupina volivcev,1
OBČINA ŠKOFLJICA,Ivan Jordan,m,Andreja Knez in skupina volivcev,-1
OBČINA LITIJA,Dušan Hauptman,m,Anej Jovanovič in skupina volilcev,2
OBČINA LUČE,Jernej Plankl,m,Angela Moličnik in skupina volivcev,0
OBČINA ŠMARJEŠKE TOPLICE,Anica Turk Potočar,ž,ANICA TURK POTOČAR IN SKUPINA VOLIVCEV,1
OBČINA SVETA ANA,Drago Weinhandl,m,Anica Weinhandl in skupina volivcev,0
OBČINA VITANJE,Andraž Pogorevc,m,ANITA POGOREVC IN SKUPINA VOLIVCEV,0
OBČINA ŠMARJE PRI JELŠAH,Matija Čakš,m,Anton Guzej in skupina volivcev,0
OBČINA PIRAN,Tomaž Gantar,m,Antonija Senčar in skupina volivcev,0
OBČINA VRANSKO,Arnold Marko,m,"ANUŠKA KRIŽNIK IN SKUPINA VOLIVCEV ""ZA NOV ZAGON""",0
OBČINA BLED,Janez Fajfar,m,ANŽE LOGAR IN SKUPINA VOLIVCEV,0
OBČINA KOMEN,Goran Živec,m,Anže Žvanut in skupina volivcev,0
OBČINA LOVRENC NA POHORJU,Marko Rakovnik,m,Anžej Bečan in skupina volivcev,0
OBČINA PODVELKA,Miroslav Reš,m,Barbara Reš in skupina volivcev,0
MESTNA OBČINA KOPER,Olga Franca,f,BARBARA VERDNIK IN SKUPINA VOLIVCEV,0
OBČINA MIRNA,Dušan Skerbiš,m,BARICA KRALJEVSKI IN SKUPINA VOLIVCEV,0
OBČINA LUKOVICA,Vincenc Dragar,m,Bernard Urbanija in skupina volivcev,0
OBČINA ŠMARJEŠKE TOPLICE,Bernardka Krnc,ž,BERNARDKA KRNC IN SKUPINA VOLIVCEV,0
OBČINA REČICA OB SAVINJI,Branko Hriberšek,m,Blaž Bitenc in skupina volivcev,0
OBČINA ŠTORE,Bojan Karlovčec,m,"BOJAN KARLOVČEC IN SKUPINA VOLIVCEV ""LISTA ZA INOVATIVNO OBČINO""",0
OBČINA IDRIJA,Miranda Groff Ferjančič,ž,Bojan Sever in skupina volivcev,0
OBČINA CERKLJE NA GORENJSKEM,Luka Štumbereger,m,Boris Rezar in skupina volivcev,0
OBČINA STRAŽA,Samo Jakljič,m,BORUT LIKAR IN SKUPINA VOLIVCEV,0
OBČINA VIDEM,Boris Novak,m,Borut Novak in skupina volivcev,0
OBČINA ORMOŽ,Danilo Kosi,m,Boško Miličković in skupina volivcev,0
MESTNA OBČINA NOVO MESTO,Gregor Macedoni,m,Boštjan Grobler in skupina volivcev,0
OBČINA BOROVNICA,Igor Trček,m,BOŠTJAN HRIBAR IN SKUPINA VOLIVCEV,0
MESTNA OBČINA SLOVENJ GRADEC,Andrej Čas,m,BOŠTJAN RIGELNIK IN SKUPINA VOLIVCEV,0
MESTNA OBČINA MARIBOR,Melita Petelin,ž,BOŽIDAR KASTELIC IN SKUPINA VOLILCEV,0
OBČINA HRASTNIK,Božo Majcen,m,"Božo Majcen in skupina volivcev ""LISTA SREČNO, HRASTNIK""",0
OBČINA ŠMARJE PRI JELŠAH,David Stupica,m,Branka Kovačič in skupina volivcev,0
OBČINA RADOVLJICA,Branko Fajfar,m,Branko Fajfar in skupina volivcev,0
OBČINA TREBNJE,Alojzij Kastelic,m,Branko Meglič in skupina volivcev,0
OBČINA SVETA TROJICA V SLOVENSKIH GORICAH,Darko Fras,m,BRANKO NOVAK in skupina volivcev,0
OBČINA LENDAVA,Franc Laj,m,BRIGITA LAJ IN SKUPINA VOLIVCEV,0
OBČINA SREDIŠČE OB DRAVI,Renata Požgan Bubek,ž,BUBEK CIRIL IN SKUPINA VOLIVCEV,0
MESTNA OBČINA CELJE,Bojan Šrot,m,CELJSKA ŽUPANOVA LISTA SLOVENIJE,0
OBČINA GORNJI PETROVCI,Jože Balek,m,Cvetka Berke in skupina volivcev,0
OBČINA LOGATEC,Berto Menard,m,DAMJAN MENARD IN SKUPINA VOLIVCEV,0
OBČINA CERKVENJAK,Marjan Žmavc,m,Damjan Žmavc in skupina volivcev,0
OBČINA MIRNA PEČ,Andrej Kastelic,m,DAMJAN ZUPANČIČ in skupina volivcev,0
OBČINA VUZENICA,Franjo Golob,m,DANICA GOLOB IN SKUPINA VOLIVCEV,0
OBČINA VRHNIKA,Daniel Cukjati,m,Daniel CUKJATI in skupina volivcev,0
OBČINA ORMOŽ,Davorin Korpar,m,Danilo Lukner in skupina volivcev,0
OBČINA CERKNO,Stanko Močnik,m,Danilo Sedej in skupina volivcev,0
OBČINA ANKARAN,Gregor Strmčnik,m,Darij Dujmovič in skupina volivcev,0
OBČINA KRANJSKA GORA,Janez Hrovat,m,Darja Hrovat in skupina volivcev,0
OBČINA APAČE,Zlatko Grilanc,m,DARKO KEGL IN SKUPINA VOLIVCEV,0
OBČINA CANKOVA,Danilo Kacijan,m,Darko Kerec in skupina volivcev,0
OBČINA ŠMARTNO PRI LITIJI,Rajko Meserko,m,DARKO VIDIC IN SKUPINA VOLIVCEV,0
OBČINA ŠENTILJ,Štefan Žvab,m,DAVID KOS IN SKUPINA VOLIVCEV,0
OBČINA DIVAČA,Anton Može,m,DOBRA DRŽAVA,0
OBČINA KRŠKO,Božidar Resnik,m,DOBRA DRŽAVA,0
OBČINA ŠEMPETER-VRTOJBA,Darjo Šaver,m,DOBRA DRŽAVA,0
OBČINA ŽUŽEMBERK,Darko Pucelj,m,DOBRA DRŽAVA,0
OBČINA ŠKOFLJICA,Franc Pavlinjek,m,DOBRA DRŽAVA,0
OBČINA IZOLA,Igor Crnić,m,DOBRA DRŽAVA,0
OBČINA KOSTANJEVICA NA KRKI,Marjan Jerele,m,DOBRA DRŽAVA,0
OBČINA MIKLAVŽ NA DRAVSKEM POLJU,Urška Makovec,ž,DOBRA DRŽAVA,0
MESTNA OBČINA KOPER,Zlatko Gombar,m,DOBRA DRŽAVA,0
MESTNA OBČINA MARIBOR,Andrej Fištravec,m,DDR. MATJAŽ MULEJ IN SKUPINA VOLIVCEV,0
OBČINA IZOLA,Dario Madžarević,m,DEAN KLEVA IN SKUPINA VOLIVCEV,0
OBČINA IZOLA,Milan Bogatič,m,DEAN VATOVEC IN SKUPINA VOLIVCEV,0
OBČINA STARŠE,Domen Majcen,m,DEJAN BERANIČ IN SKUPINA VOLIVCEV,0
OBČINA KOZJE,Peter Kozmus,m,DEJAN GUČEK IN SKUPINA VOLIVCEV,0
OBČINA RAZKRIŽJE,Stanko Ivanušič,m,DEJAN ROB IN SKUPINA VOLIVCEV,0
OBČINA TRBOVLJE,Gorazd Kajič,m,DESUS,0
OBČINA MOZIRJE,Anton Rifelj,m,DESUS,0
OBČINA VIDEM,Božidar Varnica,m,DESUS,0
OBČINA IZOLA,Danilo Markočič,m,DESUS,0
OBČINA RADENCI,Drago Kocbek,m,DESUS,0
OBČINA BOHINJ,Emil Šubelj,m,DESUS,0
OBČINA ŠENTJERNEJ,Franc Hudoklin,m,DESUS,0
OBČINA TIŠINA,Franc Kovač,m,DESUS,0
OBČINA JESENICE,Gordana Ana Višnar Župančič,ž,DESUS,0
OBČINA DOBRNA,Mateja Kreuh,ž,DESUS,0
OBČINA PODVELKA,Milan Čurin,m,DESUS,0
OBČINA MIKLAVŽ NA DRAVSKEM POLJU,Peter Rodeš,m,DESUS,0
OBČINA APAČE,Silva Vračko,ž,DESUS,0
OBČINA POSTOJNA,Stanko Markovčič,m,DESUS,0
OBČINA KAMNIK,Štefan Virjent,m,DESUS,0
MESTNA OBČINA MARIBOR,Uroš Prikl,m,DESUS,0
OBČINA RAVNE NA KOROŠKEM,Zlatko Halilovič,m,DESUS,0
OBČINA NAKLO,Primož Povše,m,DESUS,0
OBČINA ČRNOMELJ,Mojca Čemas Stjepanovič,ž,DESUS,0
OBČINA STARŠE,Bojan Kirbiš,m,DESUS,0
OBČINA GORNJA RADGONA,Mitja Ficko,m,DOBRA DRŽAVA,0
MESTNA OBČINA LJUBLJANA,Smiljan Mekicar,m,DOBRA DRŽAVA,0
OBČINA CERKNO,Gašper Uršič,m,Domen Uršič in skupina volivcev,0
OBČINA STRAŽA,Franc Plut,m,DOMINIK AVGUŠTIN IN SKUPINA VOLIVCEV,0
OBČINA IDRIJA,Gašper Ferjan,m,DP - DAVKOPLAČEVALCI SE NE DAMO VEČ!,0
OBČINA MORAVČE,Pavel Puhan,m,DP - DAVKOPLAČEVALCI SE NE DAMO VEČ!,0
MESTNA OBČINA NOVA GORICA,Matej Arčon,m,dr. BRANKO MARUŠIČ IN SKUPINA VOLIVCEV,0
OBČINA LJUTOMER,Olga Karba,ž,dr. MIRAN PUCONJA IN SKUPINA VOLIVCEV Z OLGO IN EKIPO SR(e)ČNO NAPREJ!,0
OBČINA NAKLO,Drago Goričan,m,DRAGO GORIČAN IN SKUPINA VOLIVCEV,0
OBČINA MOKRONOG-TREBELNO,Uroš Pikl,m,Drago Samide in skupina volivcev,0
OBČINA ŠKOFLJICA,Bojan Božič,m,Dragutin Brkinjač in skupina volivcev,0
OBČINA BREŽICE,Ivan Molan,m,DRAŽEN LEVOJEVIĆ IN SKUPINA VOLIVCEV,0
OBČINA MIRNA,Dražen Šmuc,m,DRAŽEN ŠMUC IN SKUPINA VOLIVCEV,0
OBČINA TREBNJE,Leon Lobe,m,DROT - ZA RAZVOJ,0
OBČINA BISTRICA OB SOTLI,Franjo Debelak,m,DUŠAN BERKOVIČ IN SKUPINA VOLIVCEV,0
OBČINA TRŽIČ,Borut Sajovic,m,Dušan Bodlaj in skupina volivcev,0
MESTNA OBČINA PTUJ,Igor Majnik,m,Dušan Gabrovec in skupina volivcev,0
OBČINA BENEDIKT,Avgust Zavernik,m,DUŠAN JANŽEKOVIČ IN SKUPINA VOLIVCEV,0
OBČINA POLZELA,Jože Kužnik,m,DUŠAN PUNGARTNIK IN SKUPINA VOLIVCEV,0
OBČINA MIKLAVŽ NA DRAVSKEM POLJU,Damir Pekič,m,DZN - DIALOG ZA NAPREDEK,0
OBČINA CERKNICA,Bogdan Zevnik,m,EDVARD VIČIČ IN SKUPINA VOLIVCEV,0
OBČINA BRDA,Franc Mužič,m,ERNEST ŽNIDARČIČ,0
MESTNA OBČINA KRANJ,Ivo Bajec,m,Eva Bajec in skupina volivcev,0
OBČINA PREDDVOR,Rok Roblek,m,EVA GRAH ROBLEK IN SKUPINA VOLIVCEV,0
OBČINA ŠENTJERNEJ,Radko Luzar,m,Franc Bevc in skupina volivcev,0
OBČINA SVETI JURIJ OB ŠČAVNICI,Anton Slana,m,Franc Čuš in skupina volivcev,0
OBČINA MOKRONOG-TREBELNO,Anton Maver,m,Franc Glušič in skupina volivcev,0
OBČINA LENDAVA,Dr Mihael Kasaš,m,FRANC KOREN IN SKUPINA VOLIVCEV,0
OBČINA HORJUL,Janko Jazbec,m,Franc Pišek in skupina volivcev,0
MESTNA OBČINA CELJE,Sandi Sendelbah,m,"FRANC PUSAR IN SKUPINA VOLIVCEV ZA ""ODPRTO CELJE""",0
OBČINA ŽUŽEMBERK,Franc Škufca,m,FRANC ŠKUFCA IN SKUPINA VOLIVCEV,0
OBČINA KRIŽEVCI,Branko Belec,m,FRANC SREŠ IN SKUPINA VOLIVCEV,0
OBČINA RIBNICA,Samo Pogorelc,m,FRANC TRDAN IN SKUPINA VOLIVCEV,0
OBČINA ŽIROVNICA,Mojca Vene,ž,"Franc Zavodnik in skupina volivcev ""Lista za vasi pod Stolom""",0
OBČINA BELTINCI,Milan Kerman,m,Gabrijela Kerman in skupina volivcev,0
MESTNA OBČINA KOPER,Gašpar Gašpar Mišič,m,GAŠPAR GAŠPAR MIŠIČ IN SKUPINA VOLIVCEV,0
OBČINA ŠMARJEŠKE TOPLICE,Marjan Hribar,m,GAŠPER GREGORČIČ IN SKUPINA VOLIVCEV,0
MESTNA OBČINA NOVO MESTO,Alenka Muhič,ž,Glavni in izvršilni odbor Zveze za Dolenjsko - ZZD,0
OBČINA POLJČANE,Stanislav Kovačič,m,Golob Marjan in skupina volivcev,0
OBČINA VRHNIKA,Viktor Sladič,m,Grega Kukec in skupina volivcev,0
OBČINA HRASTNIK,Gregor Pajić,m,"Gregor Pajić in skupina volivcev ""LISTA GREGORJA PAJIĆA""",0
OBČINA LJUBNO,Franjo Naraločnik,m,Greta Naraločnik in skupina volivcev,0
OBČINA PIRAN,Đenio Zadković,m,GZOP - GIBANJE ZA OBČINO PIRAN,0
OBČINA ŠENTILJ,Boris Bezjak,m,HEDL PAVLA IN SKUPINA VOLIVCEV,0
OBČINA LENDAVA,Igor Kulčar,m,HELENA ANTOLIN TIBAUT IN SKUPINA VOLIVCEV,0
OBČINA KOMEN,Sergio Stancich,m,Helena Zgonik Vidmar in skupina volivcev,0
OBČINA KUZMA,Sonja Pelcar,ž,Igor Pelcar in skupina volivcev,0
OBČINA IZOLA,Manca Vadnjal,ž,IJN - IZOLA JE NAŠA,0
OBČINA ILIRSKA BISTRICA,Ivan Simčič,m,Iniciativni odbor Liste Marjana Šarca v Občini Ilirska Bistrica,0
MESTNA OBČINA CELJE,Marko Zidanšek,m,IO MO SLOVENSKA LJUDSKA STRANKA CELJE,0
MESTNA OBČINA VELENJE,Mihael Letonje,m,IO MO SLS VELENJE,0
OBČINA SVETI JURIJ OB ŠČAVNICI,Miroslav Petrovič,m,Ivan Fras in skupina volivcev,0
OBČINA KOBARID,Robert Kavčič,m,Ivan Ručna in skupina volivcev,0
OBČINA ŠALOVCI,Iztok Fartek,m,Ivanka Balek in skupina volivcev,0
OBČINA JEZERSKO,Andrej Karničar,m,Izidor Karničar,0
OBČINA CERKLJE NA GORENJSKEM,Franc Čebulj,m,Iztok Čebulj in skupina volivcev,0
MESTNA OBČINA PTUJ,Štefan Čelan,m,Iztok Uhan in skupina volivcev,0
OBČINA PIVKA,Damijan Kapelj,m,IZTOK ZADNIK IN SKUPINA VOLIVCEV,0
OBČINA TRBOVLJE,Jasna Gabrič,ž,Izvršni odbor stranke Lista Jasne Gabrič za Trbovlje,0
OBČINA MENGEŠ,Peter Gubanc,m,IZVRŠNI ODBOR STRANKE SKUPAJ ZA MENGEŠKO OBČINO - SKUPAJ ZMOREMO VEČ,0
OBČINA ANKARAN,Ivan Klun,m,Jadran Pišot in skupina volivcev,0
OBČINA PODČETRTEK,Peter Misja,m,Jana Stojnšek in skupina volivcev,0
OBČINA LOŠKI POTOK,Ivan Benčina,m,Janez Debeljak in skupina volivcev,0
OBČINA ŠENTRUPERT,Nataša Hribar,ž,Janez Hribar in skupina volivcev,0
OBČINA PODLEHNIK,Sebastian Toplak,m,Janez Koren in skupina volivcev,0
OBČINA DOBREPOLJE,Janez Pavlin,m,Janez Pavlin in skupina volivcev,0
OBČINA MORAVČE,Milan Balažic,m,Janez Pergar in skupina volivcev,0
OBČINA POLJČANE,Maja Bračko,ž,Janez Šabec in skupina volivcev,0
OBČINA GORNJI PETROVCI,Franc Šlihthuber,m,Janez Šlihthuber in skupina volivcev,0
OBČINA DOBROVA-POLHOV GRADEC,Franc Setnikar,m,Janko Dolinar in skupina volivcev,0
OBČINA CANKOVA,Valentin Trajbar,m,Janko Durič in skupina volivcev,0
OBČINA ŠEMPETER-VRTOJBA,Dušan Bremec,m,Jasmina Bremec s skupino volivcev,0
OBČINA SOLČAVA,Katarina Prelesnik,ž,Jasmina Štiftar in skupina volivcev,0
OBČINA CIRKULANE,Antonija Žumbar,ž,JELKA PAJNKIHER IN SKUPINA VOLIVCEV,0
OBČINA DOLENJSKE TOPLICE,Franc Vovk,m,Jernej Ban in skupina volivcev,0
OBČINA PREBOLD,Miha Fonda,m,JERNEJ GIGERL IN SKUPINA VOLIVCEV,0
OBČINA DORNAVA,Janko Merc,m,Jože Brodnjak in skupina volivcev,0
OBČINA KOSTANJEVICA NA KRKI,Andrej Rajar,m,Jože Junkar in skupina volivcev,0
OBČINA ŽETALE,Anton Butolen,m,JOŽE KRIVEC IN SKUPINA VOLIVCEV,0
MESTNA OBČINA LJUBLJANA,Zoran Janković,m,JOŽE MERMAL S SKUPINO VOLIVCEV,0
OBČINA KOZJE,Milenca Krajnc,ž,JOŽEF KAJBA IN SKUPINA VOLIVCEV,0
OBČINA BLOKE,Jože Lavrič Cascio,m,JOŽEF MULC IN SKUPINA VOLIVCEV,0
OBČINA MOZIRJE,Ivan Suhoveršnik,m,Jožef Skornšek in skupina volivcev,0
OBČINA ZAVRČ,Robert Vuzem,m,JOŽEF TEŽAK IN SKUPINA VOLIVCEV,0
OBČINA MUTA,Darko Sahornik,m,Jožef Verhnjak in skupina volivcev - Lista Darka Sahornika,0
OBČINA KUNGOTA,Rudi Matjašič,m,JOŽEK KETIŠ IN SKUPINA VOLIVCEV,0
OBČINA MENGEŠ,Franc Jerič,m,JURIJ JERIČ IN SKUPINA VOLIVCEV,0
OBČINA IDRIJA,Tomaž Vencelj,m,Jurij Kavčič in skupna volivcev,0
OBČINA TRBOVLJE,Alenka Forte,ž,SDS,0
OBČINA PESNICA,Klavdija Samogy Simonič,ž,KAŠMAN JOŽE IN SKUPINA VOLIVCEV; Lista S.O.N.C.E za Občino Pesnica,0
OBČINA GORJE,Peter Torkar,m,Katjuša Torkar in skupina volivcev,0
MESTNA OBČINA KOPER,Boris Popovič,m,KJN - KOPER JE NAŠ,0
OBČINA TRZIN,Rado Gladek,m,SDS,0
MESTNA OBČINA LJUBLJANA,Anže Logar,m,SDS,0
OBČINA ŠKOFJA LOKA,Robert Strah,m,SDS,0
OBČINA GORENJA VAS-POLJANE,Milan Čadež,m,SDS,0
MESTNA OBČINA LJUBLJANA,Mihael Rihar,m,Kongres stranke Naprej Slovenija,0
OBČINA TRZIN,Jože Lukan,m,KONGRES STRANKE NAPREJ SLOVENIJA- NPS,0
OBČINA SEŽANA,Peter Štoka,m,KONVENCIJA OBČINSKE ORGANIZACIJE ZVEZE ZA PRIMORSKO-ZZP,0
OBČINA LITIJA,Tomaž Dernovšek,m,Kristijan Adamlje in skupina volilcev,0
OBČINA KOSTANJEVICA NA KRKI,Andrej Božič,m,Krošl Matjaž in skupina volivcev,0
OBČINA BREZOVICA,Metod Ropret,m,KUŠAR ALEŠ in skupina volivcev,0
MESTNA OBČINA KOPER,Aleš Bržan,m,LAB - LISTA ALEŠA BRŽANA,0
OBČINA MEDVODE,Nejc Smole,m,LADISLAV VIDMAR IN SKUPINA VOLIVCEV,0
OBČINA KAMNIK,Duško Papež,m,LDP - LISTA DUŠANA PAPEŽA,0
OBČINA MARKOVCI,Milan Gabrovec,m,LDS - LIBERALNA DEMOKRACIJA SLOVENIJE,0
MESTNA OBČINA KOPER,Alan Medveš,m,LEVICA,0
OBČINA KRŠKO,Aleš Suša,m,LEVICA,0
OBČINA JESENICE,Alma Rekić,ž,LEVICA,0
OBČINA LITIJA,Kaja Mlakar Agrež,ž,LEVICA,0
OBČINA BOROVNICA,Marko Kupljen,m,LEVICA,0
MESTNA OBČINA LJUBLJANA,Milan Jakopovič,m,LEVICA,0
OBČINA BREŽICE,Peter Dirnbek,m,LEVICA,0
OBČINA RAVNE NA KOROŠKEM,Vilko Černovšek,m,LEVICA,0
MESTNA OBČINA MARIBOR,Vladimir Šega,m,LEVICA,0
MESTNA OBČINA CELJE,Mateja Žvižej,f,LEVICA,0
OBČINA KOČEVJE,Vladimir Prebilič,m,LILIJANA ŠTEFANIČ IN SKUPINA VOLIVCEV,0
OBČINA ČRNOMELJ,Vesna Fabjan,ž,LMŠ,0
OBČINA DOMŽALE,Alenka Resinovič Reza,ž,LISTA REZA,0
OBČINA BREŽICE,Andrej Gerjevič,m,LISTA SONCE,0
OBČINA DOL PRI LJUBLJANI,Željko Savič,m,LISTA SOTOČJE,0
OBČINA RENČE-VOGRSKO,Nedeljko Gregorič,m,Lista za gospodarski razvoj,0
OBČINA RENČE-VOGRSKO,Tarik Žigon,m,LISTA ZA VAS,0
OBČINA IG,Zlatko Usenik,m,Lista Zlatka Usenika za napredek Občine Ig,0
MESTNA OBČINA MARIBOR,Josip Rotar,m,LKP - LISTA KOLESARJEV IN PEŠCEV,0
OBČINA MIKLAVŽ NA DRAVSKEM POLJU,Egon Repnik,m,LM - LISTA ZA SKUPNO OBČINO MIKLAVŽ NA D. P.,0
MESTNA OBČINA MARIBOR,Matic Matjašič,m,LMP - LISTA MLADIH. POVEZUJEMO,0
OBČINA KAMNIK,Igor Žavbi,m,LMŠ,0
OBČINA JESENICE,Janko Pirc,m,LMŠ,0
OBČINA LUKOVICA,Jernej Žurej,m,LMŠ,0
OBČINA LJUTOMER,Maksimiljan Gošnjak,m,LMŠ,0
OBČINA VELIKE LAŠČE,Matjaž Hočevar,m,LMŠ,0
MESTNA OBČINA KRANJ,Robert Nograšek,m,LMŠ,0
OBČINA RADOVLJICA,Vojka Jesenko,ž,LMŠ,0
MESTNA OBČINA MARIBOR,Igor Domanjko,m,LNBP - LISTA NOVINARJA BOJANA POŽARJA,0
OBČINA DOMŽALE,Toni Dragar,m,LTD - TONI DRAGAR - LISTA ZA VSE GENERACIJE,0
OBČINA KAMNIK,Anton Tone Smolnikar,m,LTS - LISTA TONETA SMOLNIKARJA,0
MESTNA OBČINA NOVA GORICA,Klemen Miklavič,m,LUKA MANOJLOVIĆ IN SKUPINA VOLIVCEV,0
OBČINA STARŠE,Stanislav Greifoner,m,mag. MAJDA MOHORIČ IN SKUPINA VOLIVCEC,0
OBČINA KOBARID,Marko Matajurc,m,Maja Manfreda in skupina volivcev,0
OBČINA RADENCI,Roman Leljak,m,Maja Rožman in skupina volivcev,0
OBČINA DESTRNIK,Branko Horvat,m,Majda Kunčnik in skupina volivcev - LISTA ZA URBAN,0
OBČINA VITANJE,Mirko Polutnik,m,MAJDA POLUTNIK IN SKUPINA VOLIVCEV,0
OBČINA DUPLEK,Mitja Horvat,m,Majda Zajc in skupina volivcev,0
OBČINA GORNJA RADGONA,Urška Mauko Tuš,ž,MAKSIMILJAN VAJS IN SKUPINA VOLIVCEV,0
OBČINA DOBROVNIK,Marjan Kardinar,m,Marija Kardinar in skupina volivcev,0
OBČINA ORMOŽ,Alojz Sok,m,Marija Kolmanič in skupina volivcev,0
OBČINA ŠMARJE PRI JELŠAH,Marko Ketiš,m,Marija Koritnik in skupina volivcev,0
OBČINA PREVALJE,Matija Tasič,m,Marijana Petrič in skupina volivcev,0
OBČINA KUZMA,Jožef Škalič,m,Marina Huber in skupina volivcev,0
OBČINA IZOLA,Evgenij Komljanec,m,MARIO GASPARINI IN SKUPINA VOLIVCEV,0
OBČINA GRAD,Cvetka Ficko,ž,"Marjan FICKO ""in skupina volivcev""",0
OBČINA TIŠINA,Andrej Serdt,m,Marjan Flisar in skupina volivcev,0
OBČINA LUKOVICA,Olga Vrankar,ž,Marjan Kveder in skupina volivcev,0
OBČINA SEŽANA,David Škabar,m,Marjan Masič in skupina volivcev,0
OBČINA VODICE,Aco Franc Šuštar,m,MARJAN PODGORŠEK IN SKUPINA VOLIVCEV,0
OBČINA PESNICA,Gregor Žmak,m,MARJAN RODEŽ IN SKUPINA VOLIVCEV; GREGOR ŽMAK IN LISTA 4X4,0
OBČINA TRŽIČ,Andrej Frelih,m,Marko Poljanc in skupina volivcev,0
OBČINA LAŠKO,Enej Kirn,m,Marko Šantej in skupina volivcev - Mlada moč občine Laško,0
OBČINA ROGATEC,Viljem Prevolšek,m,Martin Korez in skupina volivcev (LISTA HRAST),0
OBČINA STRAŽA,Dušan Krštinc,m,MARTIN KRŠTINC IN SKUPINA VOLIVCEV RIOS,0
OBČINA DESTRNIK,Vladimir Vindiš,m,Martin Vindiš in skupina volivcev - ŽUPANOVA LISTA-VLADIMIR VINDIŠ,0
OBČINA RADENCI,Jožef Toplak,m,Martin Žnidarič in skupina volivcev,0
OBČINA ŠENTJERNEJ,Viktorija Rangus,ž,Martina Dolar in skupina volivcev,0
OBČINA TOLMIN,Uroš Brežan,m,MARTINA KENDA IN SKUPINA VOLIVCEV,0
OBČINA BOHINJ,Bojan Traven,m,Maruša Krkoč in skupina volivcev,0
OBČINA DOMŽALE,Metod Marčun,m,MAŠA MARČUN IN SKUPINA VOLIVCEV,0
OBČINA VIPAVA,Ivan Princes,m,MATEJ HOSTA IN SKUPINA VOLIVCEV,0
OBČINA ŠENČUR,Matej Knific,m,MATEJ KNIFIC IN SKUPINA VOLIVCEV,0
OBČINA TRBOVLJE,Andrej Bregar,m,Matic Cestnik in skupina volilcev,0
OBČINA OPLOTNICA,Andrej Kos,m,Matic Jarni in skupina volivcev,0
OBČINA LOG-DRAGOMER,Miran Stanovnik,m,MATIJA NIK IN SKUPINA VOLIVCEV,0
MESTNA OBČINA SLOVENJ GRADEC,Tilen Klugler,m,METKA ČERNJAK IN SKUPINA VOLIVCEV,0
OBČINA KOSTEL,Valentin Južnič,m,Metka Pelcar in skupina volivcev,0
OBČINA BISTRICA OB SOTLI,Petra Misja Zorko,ž,METODA RAINER IN SKUPINA VOLIVCEV,0
OBČINA ŠKOFJA LOKA,Tine Radinja,m,MIHA JEŠE IN SKUPINA VOLIVCEV,0
OBČINA VIDEM,Franc Sitar,m,Mijo Bračko in skupina volivcev,0
OBČINA BOVEC,Siniša Germovšek,m,Milan Jojić in skupina volivcev,0
OBČINA PODVELKA,Uljana Brunšek,ž,Milan Ribič in skupina volivcev,0
OBČINA KOSTEL,Suzana Ožanič,ž,Milojka Malnar in skupina volivcev,0
OBČINA KOSTEL,Ivan Črnkovič,m,Miran Briški in skupina volivcev,0
OBČINA ŽIROVNICA,Leopold Pogačar,m,"Miran Dolar in skupina volivcev ""Neodvisna lista za Žirovnico""",0
OBČINA ŠTORE,Miran Jurkošek,m,"MIRAN JURKOŠEK IN SKUPINA VOLIVCEV ""ŽUPANOVA NEODVISNA LISTA ZA RAZVOJ""",0
OBČINA DESTRNIK,Franc Pukšič,m,Miran Kramberger in skupina volivcev - NAjPREJ DESTRNIK,0
OBČINA RADOVLJICA,Ciril Globočnik,m,Miran Rems in skupina volivcev,0
MESTNA OBČINA PTUJ,Gorazd Orešek,m,Miran Senčar in skupina volivcev,0
OBČINA TRŽIČ,Pavel Rupar,m,Mirjana Novak in skupina volivcev,0
OBČINA KOMENDA,Stanislav Poglajen,m,Mirko Pogačar in skupina volivcev,0
OBČINA SELNICA OB DRAVI,Darja Slivnjak,ž,MIRO KOBAL IN SKUPINA VOLIVCEV,0
OBČINA OPLOTNICA,Matjaž Orter,m,Miroslav Vodovnik in skupina volivcev,0
OBČINA BOHINJ,Jože Sodja,m,Mitja Bajrič in skupina volivcev,0
OBČINA KOSTANJEVICA NA KRKI,Žan Colarič,m,Mitja Luštek in skupina volivcev,0
OBČINA GORNJI PETROVCI,Vladimir Hozjan,m,Mitja Orešek in skupina volivcev,0
OBČINA ŠOŠTANJ,Matic Mežnar,m,MLADI ZA ŠOŠTANJ,0
MESTNA OBČINA CELJE,Matjaž Železnik,m,SDS,0
OBČINA ODRANCI,Mojca Balažic,ž,MOJCA BALAŽIC IN SKUPINA VOLIVCEV,0
OBČINA LOŠKA DOLINA,Boštjan Funda,m,NANO - NAŠA NOTRANJSKA,0
OBČINA CERKNICA,Luka Kočevar,m,NANO - NAŠA NOTRANJSKA,0
OBČINA METLIKA,Renata Brunskole,ž,NASTJA BRUNSKOLE IN SKUPINA VOLIVCEV,0
OBČINA ŠMARTNO OB PAKI,Janko Kopušar,m,NATALIJA ZABUKOVNIK IN SKUPINA VOLIVCEV,0
OBČINA SOLČAVA,Alojz Lipnik,m,Nataša Firšt in skupina volivcev,0
OBČINA DIVAČA,Alenka Štrucl Dovgan,ž,NATAŠA HREŠČAK in skupina volivcev,0
OBČINA NAZARJE,Matej Pečovnik,m,Nataša Pečovnik Perme in skupina volivcev,0
OBČINA SVETI ANDRAŽ V SLOV. GORICAH,Darja Vudler,ž,NEODVISNA LISTA SKUPAJ ZA LJUDI! MITJA BERLAK IN SKUPINA VOLIVCEV,0
OBČINA TIŠINA,Vinko Gajšt,m,Nika Gajšt in skupina volivcev,0
MESTNA OBČINA MARIBOR,Franc Kangler,m,NLS - LISTA FRANCA KANGLERJA - NOVA LJUDSKA STRANKA SLOVENIJE,0
OBČINA GORNJA RADGONA,Peter Kralj,m,NSI,0
OBČINA VELIKE LAŠČE,Andrej Janša,m,NSI,0
MESTNA OBČINA NOVA GORICA,Anton Harej,m,NSI,0
OBČINA ZAGORJE OB SAVI,Bojan Simončič,m,NSI,0
MESTNA OBČINA KOPER,Danijel Sertič,m,NSI,0
OBČINA SVETA TROJICA V SLOVENSKIH GORICAH,David Klobasa,m,NSI,0
OBČINA VIDEM,Dušan Pernek,m,NSI,0
OBČINA SVETI ANDRAŽ V SLOV. GORICAH,Franc Krepša,m,NSI,0
OBČINA LJUTOMER,Gregor Žižek,m,NSI,0
OBČINA DOBREPOLJE,Igor Ahačevčič,m,NSI,0
OBČINA ČRNA NA KOROŠKEM,Igor Prodnik,m,NSI,0
OBČINA TIŠINA,Ivan Horvat,m,NSI,0
OBČINA LOŠKA DOLINA,Janez Komidar,m,NSI,0
MESTNA OBČINA PTUJ,Janez Rožmarin,m,NSI,0
OBČINA ŽIRI,Janez Žakelj,m,NSI,0
OBČINA HORJUL,Janko Prebil,m,NSI,0
OBČINA ŽUŽEMBERK,Jože Papež,m,NSI,0
OBČINA ŠENČUR,Mag Valerij Grašič,m,NSI,0
OBČINA ROGATEC,Martin Mikolič,m,NSI,0
OBČINA KAMNIK,Matej Slapar,m,NSI,0
OBČINA IDRIJA,Metod Habe,m,NSI,0
OBČINA ŠMARTNO PRI LITIJI,Milan Izlakar,m,NSI,0
OBČINA SVETI TOMAŽ,Mirko Cvetko,m,NSI,0
OBČINA RAVNE NA KOROŠKEM,Mojca Erjavec,ž,NSI,0
OBČINA ZAVRČ,Slavko Pravdič,m,NSI,0
OBČINA TURNIŠČE,Stanislav Sobočan,m,NSI,0
OBČINA ŠENTILJ,Viktor Vajngerl,m,NSI,0
MESTNA OBČINA MARIBOR,Zdravko Luketič,m,NSI,0
OBČINA VOJNIK,Branko Petre,m,NSI - NOVA SLOVENIJA - KRŠČANSKI DEMOKRATI                                                                         SDS - SLOVENSKA DEMOKRATSKA STRANKA,0
OBČINA ŠALOVCI,Jože Korpič,m,NSP - NEODVISNA STRANKA POMURJA,0
OBČINA TRZIN,Peter Ložar,m,NUŠA REPŠE IN SKUPINA VOLIVCEV,0
OBČINA NAKLO,Stane Oman,m,SD,0
MESTNA OBČINA CELJE,Branko Verdev,m,SD,0
OBČINA KOČEVJE,Lucija Höferle,ž,DESUS,0
OBČINA ILIRSKA BISTRICA,Emil Rojc,m,SD,0
MESTNA OBČINA LJUBLJANA,Jožef Jarh,m,Občinski odbor Stranke enakopravnih dežel - SED,0
OBČINA KOČEVJE,Janko Veber,m,OBČINSKI ODBOR STRANKE SLOGA KOČEVJE,0
OBČINA AJDOVŠČINA,Marjan Poljšak,m,OBČINSKI VOLILNI ZBOR ČLANOV NSD,0
OBČINA TRBOVLJE,Sibila Ložina,ž,ObO Socialni demokrati Trbovlje,0
MESTNA OBČINA KOPER,Valter Krmac,m,OLJKA,0
OBČINA PIRAN,Viko Kveder,m,OLJKA,0
OBČINA IZOLA,Vojko Ludvik,m,OLJKA,0
OBČINA BENEDIKT,Milan Repič,m,SLS,0
OBČINA NAKLO,Ivan Meglič,m,SLS,0
OBČINA ŠEMPETER-VRTOJBA,Milan Turk,m,Pavel Černe in skupina volivcev,0
OBČINA APAČE,Andrej Ritlop,m,PETER BERNARD IN SKUPINA VOLIVCEV,0
OBČINA ŠENTJERNEJ,Jože Simončič,m,Peter Cvelbar in skupina volivcev,0
OBČINA VRHNIKA,Peter Gabrovšek,m,Peter Gabrovšek in skupina volivcev,0
OBČINA VITANJE,Simon Golenač,m,PETER GOLENAČ IN SKUPINA VOLIVCEV,0
OBČINA RUŠE,Tomi Prosnik,m,PETER JUHART IN SKUPINA VOLIVCEV,0
OBČINA GORNJI GRAD,Stanko Ogradi,m,PETER LETONJA IN SKUPINA VOLIVCEV,0
OBČINA MAKOLE,Franc Majcen,m,Petra Novak in skupina volivcev,0
OBČINA PREDDVOR,Aleš Drekonja,m,PLS - POVEZANE LOKALNE SKUPNOSTI,0
OBČINA MENGEŠ,Tomaž Štebe,m,POLONA ŠTEBE IN SKUPINA VOLIVK IN VOLIVCEV,0
OBČINA ORMOŽ,Jani Ivanuša,m,PREDSEDSTVO MESTNEGA ODBORA SNS ORMOŽ,0
OBČINA KOČEVJE,Alenka Jelenovič,ž,PREDSEDSTVO OBČINSKEGA ODBORA SNS KOČEVJE,0
OBČINA LUKOVICA,Matej Kotnik,m,prof.dr. Janez Kušar in skupina volilvcev,0
OBČINA TRBOVLJE,Jože Pustoslemšek,m,Rafael Žlak in skupina volilcev,0
OBČINA ČRNA NA KOROŠKEM,Romana Lesjak,ž,RAJKO LESJAK IN SKUPINA VOLIVCEV,0
MESTNA OBČINA KRANJ,Zoran Stevanović,m,Robert Kranjec in skupina volivcev,0
OBČINA KOSTANJEVICA NA KRKI,Ladko Petretič,m,Robert Zagorc in skupina volivcev,0
OBČINA RADENCI,Toni Žitek,m,Robert Zemljič in skupina volivcev,0
OBČINA GORNJA RADGONA,Stanko Rojko,m,ROBERT ŽINKOVIČ IN SKUPINA VOLIVCEV,0
OBČINA VERŽEJ,Mojca Šijanec,ž,ROK ČIRIČ,0
OBČINA MEŽICA,Dušan Krebel,m,ROMAN ABRAHAM IN SKUPINA VOLIVCEV,0
OBČINA TURNIŠČE,Vesna Jerala Zver,ž,Roman Čiček in skupina volivcev,0
OBČINA BENEDIKT,Anton Mlasko,m,ROMAN SENEKOVIČ IN SKUPINA VOLIVCEV,0
OBČINA HODOŠ,Ludvik Orban,m,RUDOLF BUNDERLA ML.,0
OBČINA MUTA,Miroslav Vošner,m,Rudolf Koležnik in skupina volivcev,0
MESTNA OBČINA MARIBOR,Aleksander Kamenik,m,SAK - STRANKA ALEKSANDRA KAMENIKA,0
OBČINA DUPLEK,Stanko Grajfoner,m,Samanta Cimerman in skupina volivcev,0
OBČINA ŠMARJE PRI JELŠAH,Bojana Pevec,ž,Sara Pevec in skupina volivcev,0
OBČINA PREDDVOR,Miha Likar,m,SAŠO LIKAR IN SKUPINA VOLIVCEV,0
OBČINA HRASTNIK,Marko Funkl,m,"Sašo Žekar in skupina volivcev ""LISTA NAŠ HRASTNIK""",0
OBČINA LITIJA,Aleksander Gombač,m,SD,0
MESTNA OBČINA MURSKA SOBOTA,Aleksander Jevšek,m,SD,0
OBČINA IZOLA,Aleksej Skok,m,SD,0
MESTNA OBČINA MARIBOR,Alenka Iskra,ž,SD,0
OBČINA RENČE-VOGRSKO,Aleš Furlan,m,SD,0
OBČINA ROGAŠKA SLATINA,Andrejka Flucher,ž,SD,0
OBČINA PODVELKA,Anton Kovše,m,SD,0
OBČINA MISLINJA,Bojan Borovnik,m,SD,0
OBČINA PIRAN,Bojan Drevenšek,m,SD,0
OBČINA PUCONCI,Branko Ritlop,m,SD,0
OBČINA ROGATEC,Brigita Vodušek,ž,SD,0
OBČINA RADOVLJICA,Dalibor Šolar,m,SD,0
OBČINA KIDRIČEVO,Danijel Zajc,m,SD,0
OBČINA METLIKA,Darko Zevnik,m,SD,0
OBČINA LJUTOMER,Dejan Karba,m,SD,0
OBČINA RADENCI,Emil Šmid,m,SD,0
OBČINA ŠENČUR,Igor Kajzer,m,SD,0
OBČINA RIBNICA,Irma Grbec,ž,SD,0
OBČINA LOGATEC,Janez Istenič,m,SD,0
OBČINA LOVRENC NA POHORJU,Joško Manfreda,m,SD,0
OBČINA ŠEMPETER-VRTOJBA,Jože Rupar,m,SD,0
OBČINA TURNIŠČE,Jožef Slavic,m,SD,0
OBČINA GORNJI PETROVCI,Lidija Krpič Časar,ž,SD,0
MESTNA OBČINA KOPER,Marijan Križman,m,SD,0
OBČINA MOZIRJE,Mark Molnar,m,SD,0
OBČINA MORAVČE,Martin Rebolj,m,SD,0
OBČINA BREŽICE,Matija Kolarič,m,SD,0
OBČINA BOROVNICA,Matjaž Ocepek,m,SD,0
MESTNA OBČINA KRANJ,Matjaž Rakovec,m,SD,0
OBČINA APAČE,Renato Flisar,m,SD,0
OBČINA HRPELJE-KOZINA,Saša Likavec Svetelšek,ž,SD,0
MESTNA OBČINA NOVA GORICA,Sebastjan Komel,m,SD,0
OBČINA MIKLAVŽ NA DRAVSKEM POLJU,Simona Marko,ž,SD,0
OBČINA RIBNICA NA POHORJU,Srečko Geč,m,SD,0
OBČINA KANAL,Tina Gerbec,ž,SD,0
OBČINA RADEČE,Tomaž Režun,m,SD,0
OBČINA TOLMIN,Tomaž Štenkler,m,SD,0
OBČINA JESENICE,Tomaž Tom Mencinger,m,SD,0
OBČINA ŠTORE,Uroš Kragelj,m,SD,0
OBČINA BOVEC,Valter Mlekuž,m,SD,0
OBČINA ŠENTJUR,Vincenc Frece,m,SD,0
OBČINA ZAGORJE OB SAVI,Željko Železnik,m,SD,0
OBČINA ŠOŠTANJ,Bojana Žnider,ž,SD,0
OBČINA SLOVENSKE KONJICE,Darko Ratajc,m,SD,0
OBČINA TABOR,Matej Demšar,m,SD,0
OBČINA ŠENTJERNEJ,Albert Pavlič,m,SDS,0
OBČINA ŠENTRUPERT,Andrej Martin Kostelec,m,SDS,0
OBČINA ŽIRI,Andrej Poljanšek,m,SDS,0
OBČINA RADOVLJICA,Andrej Potočnik,m,SDS,0
OBČINA LOVRENC NA POHORJU,Andrej Prapertnik,m,SDS,0
OBČINA APAČE,Andrej Steyer,m,SDS,0
OBČINA KIDRIČEVO,Anton Leskovar,m,SDS,0
OBČINA VELIKE LAŠČE,Anton Zakrajšek,m,SDS,0
OBČINA DOBRNA,Bojan Felicijan,m,SDS,0
MESTNA OBČINA MURSKA SOBOTA,Bojan Petrijan,m,SDS,0
OBČINA SLOVENSKE KONJICE,Bojan Podkrajšek,m,SDS,0
OBČINA LITIJA,Boris Doblekar,m,SDS,0
OBČINA TURNIŠČE,Borut Horvat,m,SDS,0
OBČINA DIVAČA,Branka Škrlj,ž,SDS,0
OBČINA VIDEM,Branko Marinič,m,SDS,0
OBČINA LOG-DRAGOMER,Domen Cukjati,m,SDS,0
OBČINA IVANČNA GORICA,Dušan Strnad,m,SDS,0
MESTNA OBČINA NOVA GORICA,Elena Zavadlav Ušaj,ž,SDS,0
OBČINA DESTRNIK,Elizabeta Fras,ž,SDS,0
OBČINA DRAVOGRAD,Ervin Kodrun,m,SDS,0
OBČINA PODLEHNIK,Eva Pipan,ž,SDS,0
OBČINA RADENCI,Franc Himelrajh,m,SDS,0
OBČINA VRANSKO,Franc Sušnik,m,SDS,0
OBČINA KUNGOTA,Igor Stropnik,m,SDS,0
OBČINA PIVKA,Jana Gržinič,ž,SDS,0
OBČINA CIRKULANE,Janez Jurgec,m,SDS,0
OBČINA LENDAVA,Janez Magyar,m,SDS,0
OBČINA ŠMARTNO PRI LITIJI,Janez Tomažič,m,SDS,0
OBČINA TREBNJE,Jože Avguštinčič,m,SDS,0
OBČINA ŠKOCJAN,Jože Kapler,m,SDS,0
OBČINA REČICA OB SAVINJI,Jože Lenko,m,SDS,0
OBČINA RIBNICA,Jože Levstek,m,SDS,0
OBČINA ROGAŠOVCI,Jožica Fükaš,ž,SDS,0
OBČINA SREDIŠČE OB DRAVI,Jurij Borko,m,SDS,0
OBČINA IDRIJA,Kristjan Brus,m,SDS,0
OBČINA GRAD,Marijan Klement,m,SDS,0
OBČINA ŠENTILJ,Marijan Pojbič,m,SDS,0
OBČINA CERKNICA,Marko Rupar,m,SDS,0
OBČINA PESNICA,Mateja Rose,ž,SDS,0
OBČINA KAMNIK,Matjaž Zorman,m,SDS,0
OBČINA IG,Mirko Merzel,m,SDS,0
OBČINA SVETI TOMAŽ,Miro Rakuša,m,SDS,0
OBČINA IZOLA,Mitja Kobal,m,SDS,0
OBČINA ŠENTJUR,Mojca Inkret,ž,SDS,0
OBČINA SVETI JURIJ V SLOVENSKIH GORICAH,Peter Škrlec,m,SDS,0
OBČINA GROSUPLJE,Peter Verlič,m,SDS,0
OBČINA DORNAVA,Rajko Janžekovič,m,SDS,0
OBČINA LOŠKI POTOK,Robert Volf,m,SDS,0
MESTNA OBČINA KOPER,Silvano Radin,m,SDS,0
OBČINA ŠTORE,Simon Kroflič,m,SDS,0
OBČINA RIBNICA NA POHORJU,Tatjana Marsel,ž,SDS,0
OBČINA BRDA,Teja Jelina,ž,SDS,0
OBČINA POLJČANE,Tomaž Kokot,m,SDS,0
OBČINA ROGATEC,Viktor Božak,m,SDS,0
OBČINA LUKOVICA,Viktor Jemec,m,SDS,0
OBČINA RENČE-VOGRSKO,Vinko Jarc,m,SDS,0
OBČINA SELNICA OB DRAVI,Vlasta Krmelj,ž,SDS,0
OBČINA PIRAN,Vojko Jevševar,m,SDS,0
OBČINA JESENICE,Žarko Štrumbl,m,SDS,0
OBČINA LOGATEC,Zoran Mojškerc,m,SDS,0
OBČINA PREBOLD,Marjan Golavšek,m,SDS,0
OBČINA DOLENJSKE TOPLICE,Jure Filipović,m,SDS,0
OBČINA ŠOŠTANJ,Darko Menih,m,SDS,0
OBČINA ZREČE,Boris Podvršnik,m,SDS,0
OBČINA KAMNIK,Sandi Uršič,m,ŠEMSO MUJANOVIĆ IN SKUPINA VOLIVCEV,0
OBČINA KANAL,Bojan Marinič,m,Slavica Bavdaž in skupina volivcev,0
OBČINA ORMOŽ,Miran Topolovec,m,Slavko Kosi in skupina volivcev,0
OBČINA RADENCI,Mojca Smolko,ž,SLOGA,0
OBČINA ILIRSKA BISTRICA,Robert Šircelj,m,SDS,0
MESTNA OBČINA PTUJ,Rajko Fajt,m,SDS,0
OBČINA ČRNOMELJ,Maja Kocjan,ž,SDS,0
OBČINA ORMOŽ,Danijel Vrbnjak,m,SDS,0
MESTNA OBČINA VELENJE,Suzana Kavaš,ž,SDS,0
OBČINA AJDOVŠČINA,Miha Kapelj,m,SDS,0
OBČINA MEDVODE,Leon Merjasec,m,SDS,0
OBČINA VIPAVA,Jožko Andlovic,m,SDS,0
OBČINA ŽALEC,Matjaž Krk,m,SDS,0
OBČINA SEMIČ,Sonja Klemenc Križan,ž,SDS,0
OBČINA NAKLO,Marko Mravlja,m,SDS,0
OBČINA KOČEVJE,Luka Bubnjić,m,SDS,0
OBČINA HAJDINA,Stanislav Glažar,m,"Slovenska demokratska stranka, Socialni demokrati, Slovenska ljudska stranka",0
OBČINA ŠENČUR,Ciril Kozjek,m,SLOVENSKA LJUDSKA STRANKA IN SLOVENSKA DEMOKRATSKA STRANKA,0
MESTNA OBČINA KRANJ,Barbara Gunčar,ž,SLRP - STRANKA ZA ENAKOMEREN LOKALNI RAZVOJ IN PODJETNOST,0
OBČINA ŽELEZNIKI,Anton Luznar,m,SLS,0
OBČINA TRNOVSKA VAS,Alojz Benko,m,SLS,0
OBČINA KANAL,Andrej Maffi,m,SLS,0
OBČINA HOČE-SLIVNICA,Anita Arzenšek,ž,SLS,0
OBČINA SODRAŽICA,Blaž Milavec,m,SLS,0
OBČINA IZOLA,Bojan Zadel,m,SLS,0
OBČINA POSTOJNA,Boštjan Bizjak,m,SLS,0
OBČINA ROGAŠKA SLATINA,Branko Kidrič,m,SLS,0
OBČINA RAČE-FRAM,Branko Ledinek,m,SLS,0
OBČINA KIDRIČEVO,Damjan Medved,m,SLS,0
OBČINA MAJŠPERK,Darinka Fakin,ž,SLS,0
OBČINA REČICA OB SAVINJI,Drago Poličnik,m,SLS,0
OBČINA TIŠINA,Franc Horvat,m,SLS,0
OBČINA ŠKOCJAN,Franc Kocjan,m,SLS,0
OBČINA DOBJE,Franc Leskovšek,m,SLS,0
OBČINA LITIJA,Franc Rokavec,m,SLS,0
OBČINA LAŠKO,Franc Zdolšek,m,SLS,0
OBČINA VIDEM,Friderik Bračič,m,SLS,0
OBČINA IG,Janez Cimperman,m,SLS,0
OBČINA ZAVRČ,Janko Lorbek,m,SLS,0
OBČINA BLOKE,Jože Doles,m,SLS,0
OBČINA GORIŠNICA,Jožef Kokot,m,SLS,0
OBČINA CERKNO,Jurij Kavčič,m,SLS,0
OBČINA PUCONCI,Ludvik Novak,m,SLS,0
OBČINA KOBARID,Marko Miklavič,m,SLS,0
OBČINA MOZIRJE,Marko Presečnik,m,SLS,0
OBČINA TABOR,Marko Semprimožnik,m,SLS,0
OBČINA DOBRNA,Martin Brecl,m,SLS,0
OBČINA ŠMARTNO OB PAKI,Mateja Ažman,ž,SLS,0
OBČINA ŠENTJUR,Mihaela Rožej,ž,SLS,0
OBČINA SLOVENSKE KONJICE,Miran Gorinšek,m,SLS,0
OBČINA KRŠKO,Miran Stanko,m,SLS,0
OBČINA ORMOŽ,Miroslav Kosi,m,SLS,0
MESTNA OBČINA KOPER,Nevio Miklavčič,m,SLS,0
OBČINA MARKOVCI,Peter Majcen,m,SLS,0
OBČINA HRPELJE-KOZINA,Robert Grk,m,SLS,0
OBČINA KOBILJE,Robert Ščap,m,SLS,0
OBČINA PIVKA,Robert Smrdelj,m,SLS,0
OBČINA ZAGORJE OB SAVI,Slavko Jelševar,m,SLS,0
OBČINA VERŽEJ,Slavko Petovar,m,SLS,0
OBČINA VITANJE,Slavko Vetrih,m,SLS,0
OBČINA SEVNICA,Srečko Ocvirk,m,SLS,0
OBČINA VELIKE LAŠČE,Tatjana Devjak,m,SLS,0
OBČINA PESNICA,Venčeslav Senekovič,m,SLS,0
OBČINA SLOVENSKA BISTRICA,Ivan Žagar,m,"SLS - SLOVENSKA LJUDSKA STRANKA, SDS - SLOVENSKA DEMOKRATSKA STRANKA, N.Si - NOVA SLOVENIJA - KRŠČANSKI DEMOKRATI",0
OBČINA JURŠINCI,Alojzij Kaučič,m,SLS,0
MESTNA OBČINA MARIBOR,Aleksander Saša Arsenovič,m,SMC,0
OBČINA OSILNICA,Alenka Kovač,ž,SMC,0
OBČINA PIRAN,Andrej Korenika,m,SMC,0
OBČINA LJUTOMER,Andrej Vršič,m,SMC,0
OBČINA LAŠKO,Bojan Špiler,m,SMC,0
OBČINA KRŠKO,Dušan Dornik,m,SMC,0
OBČINA GROSUPLJE,Dušan Rus,m,SMC,0
OBČINA GORNJA RADGONA,Dušan Zagorc,m,SMC,0
OBČINA SLOVENSKA BISTRICA,Igor Erker,m,SMC,0
OBČINA BREŽICE,Igor Zorčič,m,SMC,0
OBČINA ŠENTJUR,Janez Jenšterle,m,SMC,0
OBČINA JESENICE,Miha Rebolj,m,SMC,0
MESTNA OBČINA KRANJ,Primož Terplan,m,SMC,0
OBČINA ROGAŠOVCI,Slavko Buček,m,SMC,0
MESTNA OBČINA KOPER,Viktor Markežič,m,SMC,0
OBČINA TURNIŠČE,Vincenc Litrop,m,SMC,0
OBČINA HRASTNIK,Vojka Šergan,ž,SMC,0
OBČINA MEDVODE,Alenka Žavbi Kunaver,ž,SMC,0
OBČINA MIREN-KOSTANJEVICA,Robert Gajser,m,SMC - Stranka modernega centra in SD - Socialni demokrati,0
OBČINA LOŠKA DOLINA,Milan Jurkovič,m,SMC-STRANKA MODERNEGA CENTRA IN SOCIALNI DEMOKRATI-SD,0
OBČINA VIDEM,Brane Kolednik,m,SMS - STRANKA MLADIH - ZELENI EVROPE,0
MESTNA OBČINA MARIBOR,Igor Jurišič,m,SMS - STRANKA MLADIH - ZELENI EVROPE,0
MESTNA OBČINA MARIBOR,Borut Ambrožič,m,SMSR - STRANKA MEDGENERACIJSKE SOLIDARNOSTI IN RAZVOJA,0
OBČINA KOSTANJEVICA NA KRKI,Andrej Kerin,m,SNS - SLOVENSKA NACIONALNA STRANKA,0
MESTNA OBČINA KRANJ,Bogomir Šubelj,m,SNS - SLOVENSKA NACIONALNA STRANKA,0
OBČINA TRBOVLJE,Bojan Kovačič,m,SNS - SLOVENSKA NACIONALNA STRANKA,0
MESTNA OBČINA SLOVENJ GRADEC,Darko Hlupič,m,SNS - SLOVENSKA NACIONALNA STRANKA,0
OBČINA MARKOVCI,Dejan Horvat,m,SNS - SLOVENSKA NACIONALNA STRANKA,0
OBČINA ŠTORE,Emil Kačičnik,m,SNS - SLOVENSKA NACIONALNA STRANKA,0
OBČINA GORNJI GRAD,Jože Rijavec,m,SNS - SLOVENSKA NACIONALNA STRANKA,0
OBČINA GORNJA RADGONA,Ludvik Fekonja,m,SNS - SLOVENSKA NACIONALNA STRANKA,0
OBČINA SREDIŠČE OB DRAVI,Nataša Sušanj,ž,SNS - SLOVENSKA NACIONALNA STRANKA,0
OBČINA PIRAN,Nevenka Lučić Stanimirović,ž,SNS - SLOVENSKA NACIONALNA STRANKA,0
MESTNA OBČINA LJUBLJANA,Matjaž Bidovec,m,SOCIALISTIČNA PARTIJA SLOVENIJE,0
OBČINA TRŽIČ,Drago Zadnikar,m,Socialni demokrati - SD - Volilna konvencija OO SD Tržič,0
MESTNA OBČINA VELENJE,Bojan Kontič,m,"SOCIALNI DEMOKRATI - SD, Občinska organizacija Velenje - KONVENCIJA  ter Aleksandra ŽUBER in skupina volivcev",0
OBČINA VIPAVA,Goran Kodelja,m,SONJA LUKIN IN SKUPINA VOLIVCEV,0
OBČINA HRASTNIK,Darko Šrenk,m,SPS - SOCIALISTIČNA PARTIJA SLOVENIJE,0
OBČINA LOG-DRAGOMER,Tadej Trček,m,SPS - SOCIALISTIČNA PARTIJA SLOVENIJE,0
OBČINA DRAVOGRAD,Marijana Cigala,ž,Srečko PODOJSTRŠEK in skupina volilcev,0
OBČINA GORIŠNICA,Aleksander Zamuda,m,SSN - STRANKA SLOVENSKEGA NARODA,0
OBČINA LENART,Ivan Vogrin,m,SSN - STRANKA SLOVENSKEGA NARODA,0
MESTNA OBČINA MARIBOR,Zdenko Vinkov,m,SSN - STRANKA SLOVENSKEGA NARODA,0
OBČINA PIRAN,Zlatka Olah,ž,SSN - STRANKA SLOVENSKEGA NARODA,0
OBČINA MIRNA PEČ,Zvonko Lah,m,STANISLAV BEVC in skupina volivcev,0
OBČINA RUŠE,Urška Repolusk,ž,STANISLAV KRAINER IN SKUPINA VOLIVCEV,0
OBČINA CANKOVA,Drago Vogrinčič,m,Stanislav Wolf in skupina volivcev,0
OBČINA MEDVODE,Tomaž Kuralt,m,STANISLAV ŽAGAR IN SKUPINA VOLIVCEV,0
OBČINA REČICA OB SAVINJI,Ana Rebernik,ž,Stanislava Prislan in skupina volivcev,0
OBČINA LENART,Janez Kramberger,m,STANKA FERŠ IN SKUPINA VOLIVCEV,0
OBČINA LUČE,Jože Vavdi,m,Stanko Moličnik in skupina volivcev,0
OBČINA ČRENŠOVCI,Vera Markoja,ž,"Štefan Ftičar in skupina volivcev ""Glas ljudstva - neodvisna lista""",0
OBČINA CANKOVA,Angela Vratuša,ž,Štefan Šipoš in skupina volivcev,0
OBČINA DOMŽALE,Bojan Arh,m,STRANKA ALENKE BRATUŠEK,0
OBČINA RUŠE,Vekoslav Šterman,m,STRANKA ALENKE BRATUŠEK,0
MESTNA OBČINA KRANJ,Iztok Purič,m,Stranka Alenke Bratušek in Več za Kranj,0
MESTNA OBČINA NOVO MESTO,Rok Mežnar,m,"Stranka Dobra država, Zbor članov Občinskega odbora Mestne občine Novo mesto",0
MESTNA OBČINA VELENJE,Breda Kolar,ž,"STRANKA MODERNEGA CENTRA - SMC, Lokalni odbor Šaleške doline",0
MESTNA OBČINA VELENJE,Jože Hribar,m,STRANKA NAŠE VELENJE,0
OBČINA LENDAVA,Dejan Süč,m,SVEN ŠARJAŠ IN SKUPINA VOLIVCEV,0
OBČINA ŠKOFJA LOKA,Rolando Krajnik,m,SVET STRANKE KOMUNALNO EKOLOŠKA LISTA,0
OBČINA PIRAN,Darij Novinec,m,SZV - SLOVENIJA ZA VEDNO,0
OBČINA ANKARAN,Zoran Pavić,m,SZV - SLOVENIJA ZA VEDNO,0
OBČINA BELTINCI,Marko Virag,m,Tadej Apatič in skupina volivcev,0
OBČINA VELIKE LAŠČE,Tadej Malovrh,m,Tadej Malovrh in skupina volivcev,0
MESTNA OBČINA SLOVENJ GRADEC,Andrej Breznik,m,TADEJA BRAJNIK IN SKUPINA VOLIVCEV,0
OBČINA TRZIN,Marko Kajfež,m,TANJA KAJFEŽ IN SKUPINA VOLIVCEV,0
OBČINA TRŽIČ,Duško Krupljanin,m,Tanja Razinger in skupina volivcev,0
OBČINA SEŽANA,Andrej Sila,m,Tanja Sila in skupina volivcev,0
OBČINA LOVRENC NA POHORJU,Sanja Miljuš Herman,ž,Tatjana Šumer in skupina volivcev,0
OBČINA MORAVSKE TOPLICE,Borut Vojkovič,m,TATJANA VOKIĆ VOJKOVIČ IN SKUPINA VOLIVCEV,0
OBČINA PREBOLD,Ksenija Rozman,ž,TILEN KERIČ IN SKUPINA VOLIVCEV ZA LISTO KSENIJE ROZMAN,0
OBČINA ŠENTRUPERT,Rupert Gole,m,Tjaša Gole in skupina volivcev,0
OBČINA BRASLOVČE,Tomaž Žohar,m,TOMAŽ ŽOHAR IN SKUPINA VOLIVCEV,0
OBČINA BOROVNICA,Bojan Čebela,m,ULA ČEBELA IN SKUPINA VOLIVCEV,0
OBČINA TRŽIČ,Klemen Belhar,m,Uroš Ahačič in skupina volivcev,0
OBČINA VIPAVA,Nataša Nardin,ž,UROŠ JANEŽIČ IN SKUPINA VOLIVCEV,0
OBČINA KOMEN,Erik Modic,m,Valter Makovec in skupina volivcev,0
OBČINA GORNJI GRAD,Robert Remic,m,VESNA REMIC IN SKUPINA VOLIVCEV,0
OBČINA MISLINJA,Viktor Robnik,m,VIKTOR ROBNIK IN SKUPINA VOLIVCEV,0
OBČINA BOHINJ,Janez Režek,m,Vilko Gorenc in skupina volivcev,0
OBČINA BRASLOVČE,Janez Štusej,m,VINKO DRČA IN SKUPINA VOLIVCEV,0
OBČINA SVETA ANA,Silvo Slaček,m,Vinko Ketiš in skupina volivcev,0
OBČINA DOBROVA-POLHOV GRADEC,Andreja Grabner,ž,Vinko Kuder in skupina volivcev,0
OBČINA HRASTNIK,Jani Medvešek,m,"Vinko Žagar in skupina volivcev ""LISTA ZA NAŠO DOLINO""",0
OBČINA ČRNOMELJ,Andrej Kavšek,m,Vladimir Radovič in skupina volivcev,0
OBČINA MORAVSKE TOPLICE,Alojz Glavač,m,VLASTA GLAVAČ IN SKUPINA VOLIVCEV,0
OBČINA DOL PRI LJUBLJANI,Janez Tekavc,m,VOJKO MEKŠE IN SKUPINA VOLIVCEV,0
MESTNA OBČINA LJUBLJANA,Marko Koprivc,m,VOLILNA KONVENCIJA - OBČINSKE ORGANIZACIJE LJUBLJANA SOCIALNI DEMOKRATI-SD,0
OBČINA ZREČE,Milan Potočnik,m,VOLILNA KONVENCIJA OBČINSKE ORGANIZACIJE SD ZREČE,0
OBČINA BRASLOVČE,Branimir Strojanšek,m,VOLILNA KONVENCIJA OBČINSKE ORGANIZACIJE SOCIALNIH DEMOKRATOV BRASLOVČE,0
MESTNA OBČINA PTUJ,Nuška Gajšek,ž,Volilna konvencija občinske organizacije Socialnih demokratov Ptuj,0
OBČINA RUŠE,Martin Lesjak,m,VOLILNA KONVENCIJA OBČINSKE ORGANIZACIJE SOCIALNIH DEMOKRATOV RUŠE,0
OBČINA ŽALEC,Janko Kos,m,Volilna konvencija Občinske organizacije socialnih demokratov Žalec,0
OBČINA AJDOVŠČINA,Tadej Beočanin,m,VOLILNA KONVENCIJA OO SD AJDOVŠČINA,0
OBČINA RADLJE OB DRAVI,Alan Bukovnik,m,VOLILNA KONVENCIJA OO SD RADLJE OB DRAVI,0
OBČINA PREBOLD,Vinko Debelak,m,"VOLILNA KONVENCIJA SOCIALNIH DEMOKRATOV PREBOLD, KONFERENCA OO DESUS PREBOLD, ZBOR ČLANOV SMC PREBOLD",0
MESTNA OBČINA PTUJ,Robert Križanič,m,Volilni štab MO STRANKA MLADIH - ZELENI EVROPE,0
OBČINA ČRENŠOVCI,Anton Törnar,m,"Volilni zbor članstva OO SLS Črenšovci, SLS - SLOVENSKA LJUDSKA STRANKA",0
OBČINA SEMIČ,Polona Kambič,ž,VOLILNI ZBOR ČLANSTVA OO SLS SEMIČ,0
MESTNA OBČINA CELJE,Matevž Vuga,m,ZBOR ČLANIC IN ČLANOV LOKALNEGA ODBORA SMC CELJE,0
MESTNA OBČINA NOVO MESTO,Jože Kobe,m,Zbor članov GAS MO Novo mesto,0
OBČINA SEŽANA,Jožko Čuk,m,ZBOR ČLANOV LO SMC OBČINE SEŽANA,0
MESTNA OBČINA VELENJE,Matej Jenko,m,ZBOR ČLANOV MO DOBRA DRŽAVA VELENJE,0
OBČINA SEŽANA,Claudio Merslavič,m,ZBOR ČLANOV OBČINSKEGA ODBORA DOBRA DRŽAVA SEŽANA,0
OBČINA KOMEN,Dean Zalesjak,m,ZBOR ČLANOV OO STRANKE ALENKE BRATUŠEK,0
OBČINA BRASLOVČE,Slavko Šketa,m,ZBOR ČLANOV SMC BRASLOVČE,0
MESTNA OBČINA LJUBLJANA,Dragan Matić,m,ZBOR ČLANOV SMC LJUBLJANA,0
MESTNA OBČINA PTUJ,Dejan Dokl,m,Zbor članov stranke SMC Občine Ptuj,0
OBČINA RENČE-VOGRSKO,Rajko Lasič,m,Združenje SKUPAJ,0
OBČINA ODRANCI,Ivan Markoja,m,ZELENI SLOVENIJE,0
OBČINA GORNJA RADGONA,Milan Herzog,m,ZELENI SLOVENIJE,0
MESTNA OBČINA MARIBOR,Rok Zalar,m,ZELENI SLOVENIJE,0
OBČINA DORNAVA,Stanislav Ciglar,m,ZELENI SLOVENIJE,0
MESTNA OBČINA LJUBLJANA,Tomaž Ogrin,m,ZELENI SLOVENIJE - ZBOR ČLANOV,0
OBČINA OSILNICA,Antun Volf,m,Željko knaus in skupina volivcev,0
OBČINA ZAGORJE OB SAVI,Matjaž Švagan,m,ZGN - ZAGORJE GRE NAPREJ - ZDRUŽENJE ZA NAPREDEK ZASAVJA,0
OBČINA RIBNICA,Aleš Hoge,m,ZL-DSD - ZDRUŽENA LEVICA-DEMOKRATIČNA STRANKA DELA,0
OBČINA HRASTNIK,Franc Bokal,m,ZL-DSD - ZDRUŽENA LEVICA-DEMOKRATIČNA STRANKA DELA,0
OBČINA DORNAVA,Franc Šuen,m,ZL-DSD - ZDRUŽENA LEVICA-DEMOKRATIČNA STRANKA DELA,0
OBČINA TREBNJE,Gregor Kaplan,m,ZL-DSD - ZDRUŽENA LEVICA-DEMOKRATIČNA STRANKA DELA,0
OBČINA HOČE-SLIVNICA,Marko Soršak,m,Znamo.Zmoremo! Marko Soršak.,0
OBČINA JESENICE,Blaž Račič,m,ZORAN RAČIČ IN SKUPINA VOLIVCEV,0
OBČINA MIREN-KOSTANJEVICA,Mauricij Humar,m,Zorko Budin in skupina volivcev,0
MESTNA OBČINA MARIBOR,Andrej Šiško,m,ZSI - GIBANJE ZEDINJENA SLOVENIJA,0
OBČINA KOZJE,Anica Bidar,ž,ZSI - GIBANJE ZEDINJENA SLOVENIJA,0
OBČINA ŠENTJUR,Marko Diaci,m,ŽUPANOVA LISTA - GIBANJE ZA OBČINO ŠENTJUR,0
MESTNA OBČINA NOVA GORICA,Miran Műllner,m,ZVEZA ZA PRIMORSKO - ZZP,0
OBČINA POSTOJNA,Jernej Verbič,m,ZVONKO ČERNAČ IN SKUPINA VOLIVCEV,0