OBČINA,KANDIDAT,SPOL,PREDLAGATELJ,OBLJUBA,ZMAGA,IZVAJA PP,PRVI DROPDOWN,DRUGI DROPDOWN,,GRB,PROFILKA,,,,MAIL,LINK DO PP
MESTNA OBČINA CELJE,Bojan Šrot,m,Celjska županova lista Slovenije,0,1,0,0,1,,,,Župan Bojan Šrot ali nas slišiš?,,,kabinet-zupana@celje.si,
MESTNA OBČINA KOPER,Aleš Bržan,m,LAB - Lista Aleša Bržana,1,1,1,1,0,,TRUE,TRUE,Župan Aleš Bržan je izpolnil zavezo iz lokalnih volitev 2018.,je izpolnil,zavezo iz lokalnih volitev 2018.,zupan@koper.si,https://predlagam-odlocam.koper.si/
MESTNA OBČINA KRANJ,Matjaž Rakovec,m,SD,1,1,0,1,0,,TRUE,TRUE,Župan Matjaž Rakovec ni izpolnil zaveze iz lokalnih volitev 2018.,ni izpolnil,zaveze iz lokalnih volitev 2018,mok@kranj.si,
MESTNA OBČINA LJUBLJANA,Zoran Janković,m,Jože Mermal s skupino volivcev,0,1,0,0,1,,,,Župan Zoran Janković ali nas slišiš?,,,zoran.jankovic@ljubljana.si,
MESTNA OBČINA MARIBOR,Aleksander Saša Arsenovič,m,SMC,1,1,0,1,0,,TRUE,TRUE,Župan Aleksander Saša Arsenovič ni izpolnil zaveze iz lokalnih volitev 2018.,ni izpolnil,zaveze iz lokalnih volitev 2018,zupan@maribor.si,
MESTNA OBČINA MURSKA SOBOTA,Aleksander Jevšek,m,SD,1,1,0,1,0,,TRUE,TRUE,Župan Aleksander Jevšek ni izpolnil zaveze iz lokalnih volitev 2018.,ni izpolnil,zaveze iz lokalnih volitev 2018,urad.zupana@murska-sobota.si,
MESTNA OBČINA NOVA GORICA,Klemen Miklavič,m,Luka Manojlović in skupina volivcev,1,1,1,1,0,,TRUE,TRUE,Župan Klemen Miklavič je izpolnil zavezo iz lokalnih volitev 2018.,je izpolnil,zavezo iz lokalnih volitev 2018.,mestna.obcina@nova-gorica.si,https://www.nova-gorica.si/proracun/participativni-proracun/
MESTNA OBČINA NOVO MESTO,Gregor Macedoni,m,Boštjan Grobler in skupina volivcev,0,1,0,0,1,,,,Župan Gregor Macedoni ali nas slišiš?,,,zupan@novomesto.si,
MESTNA OBČINA PTUJ,Nuška Gajšek,ž,SD,1,1,0,1,0,,TRUE,TRUE,Županja Nuška Gajšek ni izpolnila zaveze iz lokalnih volitev 2018.,ni izpolnila,zaveze iz lokalnih volitev 2018,nuska.gajsek@ptuj.si,
MESTNA OBČINA SLOVENJ GRADEC,Tilen Klugler,m,Metka Černjak in skupina volivcev,1,1,0,1,0,,TRUE,TRUE,Župan Tilen Klugler ni izpolnil zaveze iz lokalnih volitev 2018.,ni izpolnil,zaveze iz lokalnih volitev 2018,info@slovenjgradec.si,
MESTNA OBČINA VELENJE,Bojan Kontič,m,SD ter Aleksandra Žuber in skupina volivcev,1,1,0,0,1,,,,Župan Bojan Kontič ali nas slišiš?,,,peter.dermol@velenje.si,
OBČINA AJDOVŠČINA,Tadej Beočanin,m,SD,1,1,1,1,0,,TRUE,TRUE,Župan Tadej Beočanin je izpolnil zavezo iz lokalnih volitev 2018.,je izpolnil,zavezo iz lokalnih volitev 2018.,obcina@ajdovscina.si,https://www.ajdovscina.si/mojapobuda/
OBČINA ANKARAN,Gregor Strmčnik,m,Darij Dujmovič in skupina volivcev,0,1,0,0,1,,,,Župan Gregor Strmčnik ali nas slišiš?,,,kab@obcina-ankaran.si,
OBČINA APAČE,Andrej Steyer,m,SDS,0,1,0,0,1,,,,Župan Andrej Steyer ali nas slišiš?,,,info@obcina-apace.si,
OBČINA BELTINCI,Marko Virag,m,Tadej Apatič in skupina volivcev,0,1,0,0,1,,,,Župan Marko Virag ali nas slišiš?,,,obcina@beltinci.si,
OBČINA BENEDIKT,Milan Repič,m,SLS,1,1,0,1,0,,TRUE,TRUE,Župan Milan Repič ni izpolnil zaveze iz lokalnih volitev 2018.,ni izpolnil,zaveze iz lokalnih volitev 2018,milan.repic@benedikt.si,
OBČINA BISTRICA OB SOTLI,Franjo Debelak,m,Dušan Berkovič in skupina volivcev,0,1,0,0,1,,,,Župan Franjo Debelak ali nas slišiš?,,,franjo.debelak@bistricaobsotli.si,
OBČINA BLED,Janez Fajfar,m,Anže Logar in skupina volivcev,0,1,0,0,1,,,,Župan Janez Fajfar ali nas slišiš?,,,janez.fajfar@bled.si,
OBČINA BLOKE,Jože Doles,m,SLS,0,1,0,0,1,,,,Župan Jože Doles ali nas slišiš?,,,obcina.bloke@bloke.si,
OBČINA BOHINJ,Jože Sodja,m,Mitja Bajrič in skupina volivcev,1,1,1,1,0,,TRUE,TRUE,Župan Jože Sodja je izpolnil zavezo iz lokalnih volitev 2018.,je izpolnil,zavezo iz lokalnih volitev 2018.,obcina@bohinj.si,https://obcina.bohinj.si/vsebina/participativni-proracun-2021
OBČINA BOROVNICA,Bojan Čebela,m,Ula Čebela in skupina volivcev,0,1,0,0,1,,,,Župan Bojan Čebela ali nas slišiš?,,,obcina@borovnica.si,
OBČINA BOVEC,Valter Mlekuž,m,SD,1,1,0,1,0,,TRUE,TRUE,Župan Valter Mlekuž ni izpolnil zaveze iz lokalnih volitev 2018.,ni izpolnil,zaveze iz lokalnih volitev 2018,obcina.zupan@bovec.si,
OBČINA BRASLOVČE,Tomaž Žohar,m,Tomaž Žohar in skupina volivcev,1,1,0,1,0,,TRUE,TRUE,Župan Tomaž Žohar ni izpolnil zaveze iz lokalnih volitev 2018.,ni izpolnil,zaveze iz lokalnih volitev 2018,tomaz.zohar@braslovce.si,
OBČINA BRDA,Franc Mužič,m,Ernest Žnidarčič,0,1,0,0,1,,,,Župan Franc Mužič ali nas slišiš?,,,info@obcina-brda.si,
OBČINA BREŽICE,Ivan Molan,m,Dražen Levojević in skupina volivcev,0,1,1,1,0,,TRUE,TRUE,Župan Ivan Molan ali nas slišiš?,,,obcina.brezice@brezice.si,https://www.brezice.si/sl/novice/2019090512474423/Moja%20skupnost-sodelujem
OBČINA BREZOVICA,Metod Ropret,m,Kušar Aleš in skupina volivcev,0,1,0,0,1,,,,Župan Metod Ropret ali nas slišiš?,,,metod.ropret@brezovica.si,
OBČINA CANKOVA,Danilo Kacijan,m,Darko Kerec in skupina volivcev,0,1,0,0,1,,,,Župan Danilo Kacijan ali nas slišiš?,,,tajnistvo@obcina-cankova.si,
OBČINA CERKLJE NA GORENJSKEM,Franc Čebulj,m,Ivan Fras in skupina volivcev,0,1,0,0,1,,,,Župan Franc Čebulj ali nas slišiš?,,,obcinacerklje@siol.net,
OBČINA CERKNICA,Marko Rupar,m,SDS,0,1,0,0,1,,,,Župan Marko Rupar ali nas slišiš?,,,urad.zupana@cerknica.si,
OBČINA CERKNO,Gašper Uršič,m,Domen Uršič in skupina volivcev,1,1,0,1,0,,TRUE,TRUE,Župan Gašper Uršič ni izpolnil zaveze iz lokalnih volitev 2018.,ni izpolnil,zaveze iz lokalnih volitev 2018,obcina@cerkno.si,
OBČINA CERKVENJAK,Marjan Žmavc,m,Damjan Žmavc in skupina volivcev,0,1,0,0,1,,,,Župan Marjan Žmavc ali nas slišiš?,,,obcina@cerkvenjak.si,
OBČINA CIRKULANE,Antonija Žumbar,ž,Jelka Pajnkiher in skupina volivcev,1,1,0,1,0,,TRUE,TRUE,Županja Antonija Žumbar ni izpolnila zaveze iz lokalnih volitev 2018.,ni izpolnila,zaveze iz lokalnih volitev 2018,tajnistvo@cirkulane.si,
OBČINA ČRENŠOVCI,Vera Markoja,ž,"Štefan Ftičar in skupina volivcev ""Glas ljudstva - neodvisna lista""",0,1,0,0,1,,,,Županja Vera Markoja ali nas slišiš?,,,info@obcina-crensovci.si,
OBČINA ČRNA NA KOROŠKEM,Romana Lesjak,ž,Rajko Lesjak in skupina volivcev,1,1,0,1,0,,TRUE,TRUE,Županja Romana Lesjak ni izpolnila zaveze iz lokalnih volitev 2018.,ni izpolnila,zaveze iz lokalnih volitev 2018,romana.lesjak@crna.si,
OBČINA ČRNOMELJ,Andrej Kavšek,m,Vladimir Radovič in skupina volivcev,0,1,0,0,1,,,,Župan Andrej Kavšek ali nas slišiš?,,,kabinet@crnomelj.si,
OBČINA DESTRNIK,Franc Pukšič,m,Miran Kramberger in skupina volivcev - Najprej Destrnik,0,1,0,0,1,,,,Župan Franc Pukšič ali nas slišiš?,,,obcina.destrnik@destrnik.si,
OBČINA DIVAČA,Alenka Štrucl Dovgan,ž,Nataša Hreščak in skupina volivcev,0,1,0,0,1,,,,Županja Alenka Štrucl Dovgan ali nas slišiš?,,,alenka.strucl@divaca.si,
OBČINA DOBJE,Franc Leskovšek,m,SLS,0,1,0,0,1,,,,Župan Franc Leskovšek ali nas slišiš?,,,franc.leskovsek@dobje.si,
OBČINA DOBREPOLJE,Igor Ahačevčič,m,NSI,1,1,0,1,0,,TRUE,TRUE,Župan Igor Ahačevčič ni izpolnil zaveze iz lokalnih volitev 2018.,ni izpolnil,zaveze iz lokalnih volitev 2018,igor.ahacevcic@dobrepolje.si,
OBČINA DOBRNA,Martin Brecl,m,SLS,0,1,0,0,1,,,,Župan Martin Brecl ali nas slišiš?,,,martin.brecl@dobrna.si,
OBČINA DOBROVA-POLHOV GRADEC,Franc Setnikar,m,Janko Dolinar in skupina volivcev,0,1,0,0,1,,,,Župan Franc Setnikar ali nas slišiš?,,,zupan@dobrova-polhovgradec.si,
OBČINA DOBROVNIK,Marjan Kardinar,m,Marija Kardinar in skupina volivcev,0,1,0,0,1,,,,Župan Marjan Kardinar ali nas slišiš?,,,marjan.kardinar@dobrovnik.si,
OBČINA DOL PRI LJUBLJANI,Željko Savič,m,Lista Sotočje,0,1,1,1,0,,TRUE,TRUE,Župan Željko Savič ali nas slišiš?,,,zeljko.savic@dol.si,https://www.dol.si/sl/content/e-obcina/participativni-proracun.html
OBČINA DOLENJSKE TOPLICE,Franc Vovk,m,Jernej Ban in skupina volivcev,0,1,0,0,1,,,,Župan Franc Vovk ali nas slišiš?,,,obcina@dolenjske-toplice.si,
OBČINA DOMŽALE,Toni Dragar,m,LTD - Toni Dragar - Lista za vse generacije,1,1,1,1,0,,TRUE,TRUE,Župan Toni Dragar je izpolnil zavezo iz lokalnih volitev 2018.,je izpolnil,zavezo iz lokalnih volitev 2018.,"vlozisce@domzale.si, piar@domzale.si",https://www.domzale.si/objava/205198
OBČINA DORNAVA,Janko Merc,m,Jože Brodnjak in skupina volivcev,0,1,0,0,1,,,,Župan Janko Merc ali nas slišiš?,,,obcina.dornava@dornava.si,
OBČINA DRAVOGRAD,Marijana Cigala,ž,Srečko Podojstršek in skupina volilcev,0,1,1,1,0,,TRUE,TRUE,Županja Marijana Cigala ali nas slišiš?,,,obcina@dravograd.si,https://www.dravograd.si/objava/304109
OBČINA DUPLEK,Mitja Horvat,m,Majda Zajc in skupina volivcev,0,1,0,0,1,,,,Župan Mitja Horvat ali nas slišiš?,,,mitja.horvat@duplek.si,
OBČINA GORIŠNICA,Jožef Kokot,m,SLS,0,1,0,0,1,,,,Župan Jožef Kokot ali nas slišiš?,,,obcina@gorisnica.eu,
OBČINA GORJE,Peter Torkar,m,Katjuša Torkar in skupina volivcev,0,1,0,0,1,,,,Župan Peter Torkar ali nas slišiš?,,,obcina.gorje@gorje.si,
OBČINA GORNJA RADGONA,Stanko Rojko,m,Robert Žinkovič in skupina volivcev,1,1,0,1,0,,TRUE,TRUE,Župan Stanko Rojko ni izpolnil zaveze iz lokalnih volitev 2018.,ni izpolnil,zaveze iz lokalnih volitev 2018,obcina@gor-radgona.si,
OBČINA GORNJI GRAD,Anton Špeh,m,Aljaž Špeh in skupina volivcev,0,1,0,0,0,,,,Župan Anton Špeh ali nas slišiš?,,,obcina@gornji-grad.si,
OBČINA GORNJI PETROVCI,Franc Šlihthuber,m,Janez Šlihthuber in skupina volivcev,0,1,0,0,1,,,,Župan Franc Šlihthuber ali nas slišiš?,,,zupan@gornji-petrovci.si,
OBČINA GRAD,Cvetka Ficko,ž,Marjan Ficko in skupina volivcev,0,1,0,0,1,,,,Županja Cvetka Ficko ali nas slišiš?,,,tajnistvo@obcina-grad.si,
OBČINA GROSUPLJE,Peter Verlič,m,SDS,0,1,0,0,1,,,,Župan Peter Verlič ali nas slišiš?,,,peter.verlic@grosuplje.si,
OBČINA HAJDINA,Stanislav Glažar,m,"SDS, SD, SLS",1,1,0,1,0,,TRUE,TRUE,Župan Stanislav Glažar ni izpolnil zaveze iz lokalnih volitev 2018.,ni izpolnil,zaveze iz lokalnih volitev 2018,stanko.glazar@hajdina.si,
OBČINA HOČE-SLIVNICA,Marko Soršak,m,Znamo.Zmoremo! Marko Soršak.,0,1,0,0,1,,,,Župan Marko Soršak ali nas slišiš?,,,obcina@hoce-slivnica.si,
OBČINA HODOŠ,Ludvik Orban,m,Rudolf Bunderla ml.,0,1,0,0,1,,,,Župan Ludvik Orban ali nas slišiš?,,,obcina-hodos-kozseg@siol.net ,
OBČINA HORJUL,Janko Prebil,m,NSI,0,1,0,0,1,,,,Župan Janko Prebil ali nas slišiš?,,,obcina@horjul.si,
OBČINA HRASTNIK,Marko Funkl,m,"Sašo Žekar in skupina volivcev ""Lista naš Hrastnik""",1,1,1,1,0,,TRUE,TRUE,Župan Marko Funkl je izpolnil zavezo iz lokalnih volitev 2018.,je izpolnil,zavezo iz lokalnih volitev 2018.,obcina.hrastnik@hrastnik.si,https://www.hrastnik.e-obcina.si/vsebina/participativni-proracun
OBČINA HRPELJE-KOZINA,Saša Likavec Svetelšek,ž,SD,1,1,1,1,0,,TRUE,TRUE,Županja Saša Likavec Svetelšek je izpolnila zavezo iz lokalnih volitev 2018.,je izpolnila,zavezo iz lokalnih volitev 2018.,obcina.hrpelje-kozina@hrpelje.si,https://pp.hrpelje-kozina.si/
OBČINA IDRIJA,Tomaž Vencelj,m,Jurij Kavčič in skupna volivcev,0,1,0,0,1,,,,Župan Tomaž Vencelj ali nas slišiš?,,,obcina.idrija@idrija.si,
OBČINA IG,Janez Cimperman,m,SLS,0,1,0,0,1,,,,Župan Janez Cimperman ali nas slišiš?,,,janez.cimperman@obcina-ig.si,
OBČINA ILIRSKA BISTRICA,Emil Rojc,m,SD,1,1,0,1,0,,TRUE,TRUE,Župan Emil Rojc ni izpolnil zaveze iz lokalnih volitev 2018.,ni izpolnil,zaveze iz lokalnih volitev 2018,obcina.ilirska-bistrica@ilirska-bistrica.si,
OBČINA IVANČNA GORICA,Dušan Strnad,m,SDS,0,1,0,0,1,,,,Župan Dušan Strnad ali nas slišiš?,,,obc.ivancna.gorica@siol.net,
OBČINA IZOLA,Danilo Markočič,m,DeSUS,1,1,1,1,0,,TRUE,TRUE,Župan Danilo Markočič je izpolnil zavezo iz lokalnih volitev 2018.,je izpolnil,zavezo iz lokalnih volitev 2018.,"danilo.markocic@izola.si
",https://izola.si/obcina-izola/participativni-proracun/
OBČINA JESENICE,Blaž Račič,m,Zoran Račič in skupina volivcev,1,1,1,1,0,,TRUE,TRUE,Župan Blaž Račič je izpolnil zavezo iz lokalnih volitev 2018.,je izpolnil,zavezo iz lokalnih volitev 2018.,obcina.jesenice@jesenice.si,https://www.jesenice.si/en/component/k2/itemlist/tag/participativni%20prora%C4%8Dun
OBČINA JEZERSKO,Andrej Karničar,m,Izidor Karničar,0,1,0,0,1,,,,Župan Andrej Karničar ali nas slišiš?,,,obcina@jezersko.si,
OBČINA JURŠINCI,Alojzij Kaučič,m,SLS,0,1,0,0,1,,,,Župan Alojzij Kaučič ali nas slišiš?,,,obcina.jursinci@jursinci.si,
OBČINA KAMNIK,Matej Slapar,m,NSI,0,1,0,0,1,,,,Župan Matej Slapar ali nas slišiš?,,,zupan@kamnik.si,
OBČINA KANAL,Tina Gerbec,ž,SD,1,1,0,1,0,,TRUE,TRUE,Županja Tina Gerbec ni izpolnila zaveze iz lokalnih volitev 2018.,ni izpolnila,zaveze iz lokalnih volitev 2018,obcina.kanal@obcina-kanal.si,
OBČINA KIDRIČEVO,Anton Leskovar,m,SDS,0,1,0,0,1,,,,Župan Anton Leskovar ali nas slišiš?,,,obcina@kidricevo.si,
OBČINA KOBARID,Marko Matajurc,m,Maja Manfreda in skupina volivcev,0,1,0,0,1,,,,Župan Marko Matajurc ali nas slišiš?,,,obcina@kobarid.si,
OBČINA KOBILJE,Robert Ščap,m,SLS,0,1,0,0,1,,,,Župan Robert Ščap ali nas slišiš?,,,zupan@kobilje.si ,
OBČINA KOČEVJE,Vladimir Prebilič,m,Lilijana Štefanič in skupina volivcev,0,1,0,0,1,,,,Župan Vladimir Prebilič ali nas slišiš?,,, obcina@kocevje.si,
OBČINA KOMEN,Erik Modic,m,Valter Makovec in skupina volivcev,1,1,1,1,0,,TRUE,TRUE,Župan Erik Modic je izpolnil zavezo iz lokalnih volitev 2018.,je izpolnil,zavezo iz lokalnih volitev 2018.,obcina@komen.si,https://www.komen.si/participativni_proracun_2020_2021/
OBČINA KOMENDA,Stanislav Poglajen,m,Mirko Pogačar in skupina volivcev,0,1,0,0,1,,,,Župan Stanislav Poglajen ali nas slišiš?,,,slavko.poglajen@komenda.si,
OBČINA KOSTANJEVICA NA KRKI,Ladko Petretič,m,Robert Zagorc in skupina volivcev,0,1,0,0,1,,,,Župan Ladko Petretič ali nas slišiš?,,,obcina@kostanjevica.si,
OBČINA KOSTEL,Ivan Črnkovič,m,Miran Briški in skupina volivcev,0,1,0,0,1,,,,Župan Ivan Črnkovič ali nas slišiš?,,,ivan.crnkovic@kostel.si ,
OBČINA KOZJE,Milenca Krajnc,ž,Jožef Kajba in skupina volivcev,0,1,0,0,1,,,,Županja Milenca Krajnc ali nas slišiš?,,,obcina.kozje@siol.net,
OBČINA KRANJSKA GORA,Janez Hrovat,m,Darja Hrovat in skupina volivcev,0,1,0,0,1,,,,Župan Janez Hrovat ali nas slišiš?,,,janez.hrovat@kranjska-gora.si,
OBČINA KRIŽEVCI,Branko Belec,m,Franc Sreš in skupina volivcev,0,1,0,0,1,,,,Župan Branko Belec ali nas slišiš?,,,info@obcina-krizevci.si ,
OBČINA KRŠKO,Miran Stanko,m,SLS,1,1,1,1,0,,TRUE,TRUE,Župan Miran Stanko je izpolnil zavezo iz lokalnih volitev 2018.,je izpolnil,zavezo iz lokalnih volitev 2018.,miran.stanko@krsko.si,https://krsko.si/objave/290
OBČINA KUNGOTA,Tamara Šnofl,ž,Andrej Plohl in skupina volivcev,0,1,0,0,1,,,,Županja Tamara Šnofl ali nas slišiš?,,,obcina@kungota.si,
OBČINA KUZMA,Jožef Škalič,m,Marina Huber in skupina volivcev,0,1,0,0,1,,,,Župan Jožef Škalič ali nas slišiš?,,,info@obcina-kuzma.si,
OBČINA LAŠKO,Franc Zdolšek,m,SLS,0,1,0,0,1,,,,Župan Franc Zdolšek ali nas slišiš?,,,obcina@lasko.si,
OBČINA LENART,Janez Kramberger,m,Stanka Ferš in skupina volivcev,0,1,0,0,1,,,,Župan Janez Kramberger ali nas slišiš?,,,obcina@lenart.si,
OBČINA LENDAVA,Janez Magyar,m,SDS,0,1,0,0,1,,,,Župan Janez Magyar ali nas slišiš?,,,obcina@lendava.si,
OBČINA LITIJA,Franc Rokavec,m,SLS,0,1,0,0,1,,,,Župan Franc Rokavec ali nas slišiš?,,,obcina.litija@litija.si,
OBČINA LJUBNO,Franjo Naraločnik,m,Greta Naraločnik in skupina volivcev,0,1,0,0,1,,,,Župan Franjo Naraločnik ali nas slišiš?,,,obcina@ljubno.si,
OBČINA LJUTOMER,Olga Karba,ž,dr. Miran Puconja in skupina volivcev z Olgo in ekipo Sr(e)čno naprej!,0,1,0,0,1,,,,Županja Olga Karba ali nas slišiš?,,,obcina.ljutomer@ljutomer.si,
OBČINA LOG-DRAGOMER,Miran Stanovnik,m,Matija Nik in skupina volivcev,0,1,0,0,1,,,,Župan Miran Stanovnik ali nas slišiš?,,,obcina@log-dragomer.si,
OBČINA LOGATEC,Berto Menard,m,Damjan Menard in skupina volivcev,1,1,0,1,0,,TRUE,TRUE,Župan Berto Menard ni izpolnil zaveze iz lokalnih volitev 2018.,ni izpolnil,zaveze iz lokalnih volitev 2018,obcina.logatec@logatec.si,
OBČINA LOŠKA DOLINA,Janez Komidar,m,NSI,1,1,0,1,0,,TRUE,TRUE,Župan Janez Komidar ni izpolnil zaveze iz lokalnih volitev 2018.,ni izpolnil,zaveze iz lokalnih volitev 2018,obcina@loskadolina.si,
OBČINA LOŠKI POTOK,Ivan Benčina,m,Janez Debeljak in skupina volivcev,0,1,0,0,1,,,,Župan Ivan Benčina ali nas slišiš?,,,zupan@loski-potok.si,
OBČINA LOVRENC NA POHORJU,Marko Rakovnik,m,Anžej Bečan in skupina volivcev,0,1,0,0,1,,,,Župan Marko Rakovnik ali nas slišiš?,,,marko.rakovnik@lovrenc.si,
OBČINA LUČE,Ciril Rosc,m,Andrej Šiljar in skupina volivcev,0,1,0,0,1,,,,Župan Ciril Rosc ali nas slišiš?,,,obcina@luce.si,
OBČINA LUKOVICA,Olga Vrankar,ž,Marjan Kveder in skupina volivcev,0,1,0,0,1,,,,Županja Olga Vrankar ali nas slišiš?,,,info@lukovica.si,
OBČINA MAJŠPERK,Darinka Fakin,ž,SLS,0,1,0,0,1,,,,Županja Darinka Fakin ali nas slišiš?,,,obcina.majsperk@majsperk.si,
OBČINA MAKOLE,Franc Majcen,m,Petra Novak in skupina volivcev,0,1,0,0,1,,,,Župan Franc Majcen ali nas slišiš?,,,obcina@obcina-makole.si,
OBČINA MARKOVCI,Milan Gabrovec,m,LDS,1,1,0,1,0,,TRUE,TRUE,Župan Milan Gabrovec ni izpolnil zaveze iz lokalnih volitev 2018.,ni izpolnil,zaveze iz lokalnih volitev 2018,tajnistvo@markovci.si,
OBČINA MEDVODE,Nejc Smole,m,Ladislav Vidmar in skupina volivcev,1,1,0,1,0,,TRUE,TRUE,Župan Nejc Smole ni izpolnil zaveze iz lokalnih volitev 2018.,ni izpolnil,zaveze iz lokalnih volitev 2018,obcina@medvode.si,
OBČINA MENGEŠ,Franc Jerič,m,Jurij Jerič in skupina volivcev,0,1,0,0,1,,,,Župan Franc Jerič ali nas slišiš?,,,obcina.menges@menges.si,
OBČINA METLIKA,Darko Zevnik,m,SD,1,1,0,1,0,,TRUE,TRUE,Župan Darko Zevnik ni izpolnil zaveze iz lokalnih volitev 2018.,ni izpolnil,zaveze iz lokalnih volitev 2018,obcina.metlika@siol.net,
OBČINA MEŽICA,Dušan Krebel,m,Roman Abraham in skupina volivcev,0,1,0,0,1,,,,Župan Dušan Krebel ali nas slišiš?,,,info@mezica.si,
OBČINA MIKLAVŽ NA DRAVSKEM POLJU,Egon Repnik,m,LM - Lista za skupno občino Miklavž na D. P.,0,1,0,0,1,,,,Župan Egon Repnik ali nas slišiš?,,,obcina.miklavz@miklavz.si,
OBČINA MIREN-KOSTANJEVICA,Mauricij Humar,m,Zorko Budin in skupina volivcev,0,1,0,0,1,,,,Župan Mauricij Humar ali nas slišiš?,,,tajnistvo@miren-kostanjevica.si,
OBČINA MIRNA,Dušan Skerbiš,m,Barica Kraljevski in skupina volivcev,0,1,0,0,1,,,,Župan Dušan Skerbiš ali nas slišiš?,,,obcina@mirna.si,
OBČINA MIRNA PEČ,Andrej Kastelic,m,Damjan Zupančič in skupina volivcev,0,1,0,0,1,,,,Župan Andrej Kastelic ali nas slišiš?,,,obcina.mirnapec@siol.net,
OBČINA MISLINJA,Bojan Borovnik,m,SD,1,1,0,1,0,,TRUE,TRUE,Župan Bojan Borovnik ni izpolnil zaveze iz lokalnih volitev 2018.,ni izpolnil,zaveze iz lokalnih volitev 2018,obcina@mislinja.si,
OBČINA MOKRONOG-TREBELNO,Anton Maver,m,Franc Glušič in skupina volivcev,0,1,0,0,1,,,,Župan Anton Maver ali nas slišiš?,,,obcina@mokronog-trebelno.si,
OBČINA MORAVČE,Milan Balažic,m,Janez Pergar in skupina volivcev,1,1,0,1,0,,TRUE,TRUE,Župan Milan Balažic ni izpolnil zaveze iz lokalnih volitev 2018.,ni izpolnil,zaveze iz lokalnih volitev 2018,zupan@moravce.si,
OBČINA MORAVSKE TOPLICE,Alojz Glavač,m,Vlasta Glavač in skupina volivcev,0,1,0,0,1,,,,Župan Alojz Glavač ali nas slišiš?,,,obcina@moravske-toplice.si,
OBČINA MOZIRJE,Ivan Suhoveršnik,m,Jožef Skornšek in skupina volivcev,0,1,0,0,1,,,,Župan Ivan Suhoveršnik ali nas slišiš?,,,zupan@mozirje.si,
OBČINA MUTA,Miroslav Vošner,m,Rudolf Koležnik in skupina volivcev,0,1,0,0,1,,,,Župan Miroslav Vošner ali nas slišiš?,,,obcina.muta@muta.si,
OBČINA NAKLO,Ivan Meglič,m,SLS,0,1,0,0,1,,,,Župan Ivan Meglič ali nas slišiš?,,,ivan.meglic@obcina-naklo.si,
OBČINA NAZARJE,Matej Pečovnik,m,Nataša Pečovnik Perme in skupina volivcev,0,1,0,0,1,,,,Župan Matej Pečovnik ali nas slišiš?,,,obcina@nazarje.si,
OBČINA ODRANCI,Ivan Markoja,m,Zeleni Slovenije,0,1,0,0,1,,,,Župan Ivan Markoja ali nas slišiš?,,,obcina.odranci@siol.net,
OBČINA OPLOTNICA,Matjaž Orter,m,Miroslav Vodovnik in skupina volivcev,0,1,0,0,1,,,,Župan Matjaž Orter ali nas slišiš?,,,obcina@oplotnica.si,
OBČINA ORMOŽ,Danijel Vrbnjak,m,SDS,0,1,0,0,1,,,,Župan Danijel Vrbnjak ali nas slišiš?,,,danijel.vrbnjak@ormoz.si,
OBČINA OSILNICA,Alenka Kovač,ž,SMC,0,1,0,0,1,,,,Županja Alenka Kovač ali nas slišiš?,,,zupanja.osilnica@siol.net,
OBČINA PESNICA,Gregor Žmak,m,Marjan Rodež in skupina volivcev; Gregor Žmak in Lista 4x4,1,1,0,1,0,,TRUE,TRUE,Župan Gregor Žmak ni izpolnil zaveze iz lokalnih volitev 2018.,ni izpolnil,zaveze iz lokalnih volitev 2018,obcina.pesnica@pesnica.si,
OBČINA PIRAN,Đenio Zadković,m,GZOP,1,1,0,1,0,,TRUE,TRUE,Župan Đenio Zadković ni izpolnil zaveze iz lokalnih volitev 2018.,ni izpolnil,zaveze iz lokalnih volitev 2018,ljubo.bertok@piran.si,
OBČINA PIVKA,Robert Smrdelj,m,SLS,0,1,0,0,1,,,,Župan Robert Smrdelj ali nas slišiš?,,,obcina@pivka.si,
OBČINA PODČETRTEK,Peter Misja,m,Jana Stojnšek in skupina volivcev,0,1,0,0,1,,,,Župan Peter Misja ali nas slišiš?,,,zupan@podcetrtek.si,
OBČINA PODLEHNIK,Sebastian Toplak,m,Janez Koren in skupina volivcev,0,1,0,0,1,,,,Župan Sebastian Toplak ali nas slišiš?,,,zupan@podlehnik.si,
OBČINA PODVELKA,Anton Kovše,m,SD,1,1,0,1,0,,TRUE,TRUE,Župan Anton Kovše ni izpolnil zaveze iz lokalnih volitev 2018.,ni izpolnil,zaveze iz lokalnih volitev 2018,obcina@podvelka.si,
OBČINA POLJČANE,Stanislav Kovačič,m,Golob Marjan in skupina volivcev,0,1,0,0,1,,,,Župan Stanislav Kovačič ali nas slišiš?,,,stane.kovacic@poljcane.si,
OBČINA POLZELA,Jože Kužnik,m,Dušan Pungartnik in skupina volivcev,0,1,0,0,1,,,,Župan Jože Kužnik ali nas slišiš?,,,joze.kuznik@polzela.si,
OBČINA POSTOJNA,Igor Marentič,m,Andrej Berginc in skupina volivcev,0,1,1,1,0,,TRUE,TRUE,Župan Igor Marentič ali nas slišiš?,,,igor.marentic@postojna.si,https://www.postojna.si/objava/210502
OBČINA PREBOLD,Vinko Debelak,m,"SD, SMC",1,1,0,1,0,,TRUE,TRUE,Župan Vinko Debelak ni izpolnil zaveze iz lokalnih volitev 2018.,ni izpolnil,zaveze iz lokalnih volitev 2018,vinko.debelak@prebold.si,
OBČINA PREDDVOR,Rok Roblek,m,Eva Grah Roblek in skupina volivcev,1,1,0,1,0,,TRUE,TRUE,Župan Rok Roblek ni izpolnil zaveze iz lokalnih volitev 2018.,ni izpolnil,zaveze iz lokalnih volitev 2018,obcina.preddvor@siol.net,
OBČINA PREVALJE,Matija Tasič,m,Marijana Petrič in skupina volivcev,0,1,0,0,1,,,,Župan Matija Tasič ali nas slišiš?,,,obcina@prevalje.si,
OBČINA PUCONCI,Ludvik Novak,m,SLS,0,1,0,0,1,,,,Župan Ludvik Novak ali nas slišiš?,,,obcina.puconci@puconci.si,
OBČINA RAČE-FRAM,Branko Ledinek,m,SLS,1,1,0,1,0,,TRUE,TRUE,Župan Branko Ledinek ni izpolnil zaveze iz lokalnih volitev 2018.,ni izpolnil,zaveze iz lokalnih volitev 2018,branko.ledinek@race-fram.si,
OBČINA RADEČE,Tomaž Režun,m,SD,1,1,0,1,0,,TRUE,TRUE,Župan Tomaž Režun ni izpolnil zaveze iz lokalnih volitev 2018.,ni izpolnil,zaveze iz lokalnih volitev 2018,zupan@radece.si,
OBČINA RADENCI,Roman Leljak,m,Maja Rožman in skupina volivcev,0,1,0,0,1,,,,Župan Roman Leljak ali nas slišiš?,,,zupan@radenci.si,
OBČINA RADLJE OB DRAVI,Alan Bukovnik,m,SD,1,1,0,1,0,,TRUE,TRUE,Župan Alan Bukovnik ni izpolnil zaveze iz lokalnih volitev 2018.,ni izpolnil,zaveze iz lokalnih volitev 2018,radlje.zupan@radlje.si,
OBČINA RADOVLJICA,Ciril Globočnik,m,Miran Rems in skupina volivcev,0,1,1,1,0,,TRUE,TRUE,Župan Ciril Globočnik ali nas slišiš?,,,obcina.radovljica@radovljica.si,https://www.radovljica.si/novica/261744
OBČINA RAVNE NA KOROŠKEM,Tomaž Rožen,m,Aljaž Verhovnik in skupina občanov,0,1,0,0,1,,,,Župan Tomaž Rožen ali nas slišiš?,,,obcina@ravne.si,
OBČINA RAZKRIŽJE,Stanko Ivanušič,m,Dejan Rob in skupina volivcev,0,1,0,0,1,,,,Župan Stanko Ivanušič ali nas slišiš?,,,obcinarazkrizje@siol.net,
OBČINA REČICA OB SAVINJI,Ana Rebernik,ž,Stanislava Prislan in skupina volivcev,0,1,0,0,1,,,,Županja Ana Rebernik ali nas slišiš?,,,tajnistvo@obcina-recica.si,
OBČINA RENČE-VOGRSKO,Tarik Žigon,m,Lista za vas,1,1,0,1,0,,TRUE,TRUE,Župan Tarik Žigon ni izpolnil zaveze iz lokalnih volitev 2018.,ni izpolnil,zaveze iz lokalnih volitev 2018,info@rence-vogrsko.si,
OBČINA RIBNICA,Samo Pogorelc,m,Franc Trdan in skupina volivcev,0,1,0,0,1,,,,Župan Samo Pogorelc ali nas slišiš?,,,obcina@ribnica.si,
OBČINA RIBNICA NA POHORJU,Srečko Geč,m,SD,1,1,0,1,0,,TRUE,TRUE,Župan Srečko Geč ni izpolnil zaveze iz lokalnih volitev 2018.,ni izpolnil,zaveze iz lokalnih volitev 2018,obcina@ribnicanapohorju.si,
OBČINA ROGAŠKA SLATINA,Branko Kidrič,m,SLS,0,1,0,0,1,,,,Župan Branko Kidrič ali nas slišiš?,,,obcina@rogaska-slatina.si,
OBČINA ROGAŠOVCI,Edvard Mihalič,m,Alojz Mekiš in skupina volivcev,0,1,0,0,1,,,,Župan Edvard Mihalič ali nas slišiš?,,,edvard.mihalic@obcina-rogasovci.si,
OBČINA ROGATEC,Martin Mikolič,m,NSI,0,1,0,0,1,,,,Župan Martin Mikolič ali nas slišiš?,,,obcina@rogatec.si,
OBČINA RUŠE,Urška Repolusk,ž,Stanislav Krainer in skupina volivcev,0,1,0,0,1,,,,Županja Urška Repolusk ali nas slišiš?,,,zupanja@ruse.si,
OBČINA ŠALOVCI,Iztok Fartek,m,Ivanka Balek in skupina volivcev,0,1,0,0,1,,,,Župan Iztok Fartek ali nas slišiš?,,,info@salovci.si,
OBČINA SELNICA OB DRAVI,Vlasta Krmelj,ž,SDS,0,1,0,0,1,,,,Županja Vlasta Krmelj ali nas slišiš?,,,info@selnica.si ,
OBČINA SEMIČ,Polona Kambič,ž,SLS,1,1,0,1,0,,TRUE,TRUE,Županja Polona Kambič ni izpolnila zaveze iz lokalnih volitev 2018.,ni izpolnila,zaveze iz lokalnih volitev 2018,polona.kambic@semic.si,
OBČINA ŠEMPETER-VRTOJBA,Milan Turk,m,Pavel Černe in skupina volivcev,0,1,0,0,1,,,,Župan Milan Turk ali nas slišiš?,,,info@sempeter-vrtojba.si,
OBČINA ŠENČUR,Ciril Kozjek,m,"SLS, SDS",0,1,0,0,1,,,,Župan Ciril Kozjek ali nas slišiš?,,,obcina@sencur.si,
OBČINA ŠENTILJ,Štefan Žvab,m,David Kos in skupina volivcev,1,1,1,1,0,,TRUE,TRUE,Župan Štefan Žvab je izpolnil zavezo iz lokalnih volitev 2018.,je izpolnil,zavezo iz lokalnih volitev 2018.,stefan.zvab@sentilj.si,https://sentilj.si/objava/179029
OBČINA ŠENTJERNEJ,Radko Luzar,m,Franc Bevc in skupina volivcev,0,1,0,0,1,,,,Župan Radko Luzar ali nas slišiš?,,,sentjernej@siol.net,
OBČINA ŠENTJUR,Marko Diaci,m,Županova lista - Gibanje za občino Šentjur,0,1,0,0,1,,,,Župan Marko Diaci ali nas slišiš?,,,obcina.sentjur@sentjur.si,
OBČINA ŠENTRUPERT,Andrej Martin Kostelec,m,SDS,0,1,0,0,1,,,,Župan Andrej Martin Kostelec ali nas slišiš?,,,obcina@sentrupert.si,
OBČINA SEVNICA,Srečko Ocvirk,m,SLS,0,1,1,1,0,,TRUE,TRUE,Župan Srečko Ocvirk ali nas slišiš?,,,srecko.ocvirk@obcina-sevnica.si,https://www.eposavje.com/ostale-novice/participativni-proracun-obcine-sevnica-za-2021
OBČINA SEŽANA,David Škabar,m,Marjan Masič in skupina volivcev,1,1,0,1,0,,TRUE,TRUE,Župan David Škabar ni izpolnil zaveze iz lokalnih volitev 2018.,ni izpolnil,zaveze iz lokalnih volitev 2018,kabinet.zupana@sezana.si,
OBČINA ŠKOCJAN,Jože Kapler,m,SDS,0,1,0,0,1,,,,Župan Jože Kapler ali nas slišiš?,,,info@obcina-skocjan.si,
OBČINA ŠKOFJA LOKA,Tine Radinja,m,Miha Ješe in skupina volivcev,1,1,1,1,0,,TRUE,TRUE,Župan Tine Radinja je izpolnil zavezo iz lokalnih volitev 2018.,je izpolnil,zavezo iz lokalnih volitev 2018.,zupan@skofjaloka.si,https://www.skofjaloka.si/objava/243910
OBČINA ŠKOFLJICA,Ivan Jordan,m,Andreja Knez in skupina volivcev,1,1,0,1,0,,TRUE,TRUE,Župan Ivan Jordan ni izpolnil zaveze iz lokalnih volitev 2018.,ni izpolnil,zaveze iz lokalnih volitev 2018,obcina@obcina.skofljica.si,
OBČINA SLOVENSKA BISTRICA,Ivan Žagar,m,"SLS, SDS, NSi",0,1,0,0,1,,,,Župan Ivan Žagar ali nas slišiš?,,,obcina@slov-bistrica.si,
OBČINA SLOVENSKE KONJICE,Darko Ratajc,m,SD,1,1,1,1,0,,TRUE,TRUE,Župan Darko Ratajc je izpolnil zavezo iz lokalnih volitev 2018.,je izpolnil,zavezo iz lokalnih volitev 2018.,info@slovenskekonjice.si,https://www.slovenskekonjice.si/objava/188988
OBČINA ŠMARJE PRI JELŠAH,Matija Čakš,m,Anton Guzej in skupina volivcev,0,1,0,0,1,,,,Župan Matija Čakš ali nas slišiš?,,,obcina@smarje.si,
OBČINA ŠMARJEŠKE TOPLICE,Marjan Hribar,m,Gašper Gregorčič in skupina volivcev,0,1,0,0,1,,,,Župan Marjan Hribar ali nas slišiš?,,,marjan.hribar@smarjeske-toplice.si,
OBČINA ŠMARTNO OB PAKI,Janko Kopušar,m,Natalija Zabukovnik in skupina volivcev,0,1,0,0,1,,,,Župan Janko Kopušar ali nas slišiš?,,,obcina.smartno@siol.net,
OBČINA ŠMARTNO PRI LITIJI,Rajko Meserko,m,Darko Vidic in skupina volivcev,0,1,0,0,1,,,,Župan Rajko Meserko ali nas slišiš?,,,zupan@smartno-litija.si,
OBČINA SODRAŽICA,Blaž Milavec,m,SLS,0,1,0,0,1,,,,Župan Blaž Milavec ali nas slišiš?,,,darja.vetrih@sodrazica.si,
OBČINA SOLČAVA,Katarina Prelesnik,ž,Jasmina Štiftar in skupina volivcev,0,1,0,0,1,,,,Županja Katarina Prelesnik ali nas slišiš?,,,obcina@solcava.si,
OBČINA ŠOŠTANJ,Darko Menih,m,SDS,0,1,0,0,1,,,,Župan Darko Menih ali nas slišiš?,,,darko.menih@sostanj.si,
OBČINA SREDIŠČE OB DRAVI,Jurij Borko,m,SDS,0,1,0,0,1,,,,Župan Jurij Borko ali nas slišiš?,,,obcina.sredisce.ob.dravi@siol.net,
OBČINA STARŠE,Bojan Kirbiš,m,DeSUS,0,1,0,0,1,,,,Župan Bojan Kirbiš ali nas slišiš?,,,zupan@starse.si ,
OBČINA ŠTORE,Miran Jurkošek,m,"Miran Jurkošek in skupina volivcev ""Županova neodvisna lista za razvoj""",0,1,0,0,1,,,,Župan Miran Jurkošek ali nas slišiš?,,,obcina@store.si,
OBČINA STRAŽA,Dušan Krštinc,m,Martin Krštinc in skupina volivcev RIOS,0,1,0,0,1,,,,Župan Dušan Krštinc ali nas slišiš?,,,dusan.krstinc@obcina-straza.si,
OBČINA SVETA ANA,Silvo Slaček,m,Vinko Ketiš in skupina volivcev,0,1,0,0,1,,,,Župan Silvo Slaček ali nas slišiš?,,,obcina@sv-ana.si,
OBČINA SVETA TROJICA V SLOVENSKIH GORICAH,David Klobasa,m,NSI,1,1,0,1,0,,TRUE,TRUE,Župan David Klobasa ni izpolnil zaveze iz lokalnih volitev 2018.,ni izpolnil,zaveze iz lokalnih volitev 2018,obcina@svetatrojica.si,
OBČINA SVETI ANDRAŽ V SLOV. GORICAH,Darja Vudler,ž,Neodvisna lista Skupaj za ljudi! Mitja Berlak in skupina volivcev,0,1,0,0,1,,,,Županja Darja Vudler ali nas slišiš?,,,info@svandraz.si,
OBČINA SVETI JURIJ OB ŠČAVNICI,Anton Slana,m,Franc Čuš in skupina volivcev,0,1,0,0,1,,,,Župan Anton Slana ali nas slišiš?,,,obcina@sveti-jurij.si,
OBČINA SVETI JURIJ V SLOVENSKIH GORICAH,Peter Škrlec,m,SDS,0,1,0,0,1,,,,Župan Peter Škrlec ali nas slišiš?,,,zupan@obcinajurij.si,
OBČINA SVETI TOMAŽ,Mirko Cvetko,m,NSI,0,1,0,0,1,,,,Župan Mirko Cvetko ali nas slišiš?,,,zupan@sv-tomaz.si,
OBČINA TABOR,Marko Semprimožnik,m,SLS,0,1,0,0,1,,,,Župan Marko Semprimožnik ali nas slišiš?,,,zupan@obcina-tabor.si,
OBČINA TIŠINA,Franc Horvat,m,SLS,0,1,0,0,1,,,,Župan Franc Horvat ali nas slišiš?,,,zupan@tisina.si,
OBČINA TOLMIN,Uroš Brežan,m,Martina Kenda in skupina volivcev,0,1,0,0,1,,,,Župan Uroš Brežan ali nas slišiš?,,,info@tolmin.si,
OBČINA TRBOVLJE,Jasna Gabrič,ž,Lista Jasne Gabrič za Trbovlje,0,1,0,0,1,,,,Županja Jasna Gabrič ali nas slišiš?,,,obcina.trbovlje@trbovlje.si,
OBČINA TREBNJE,Alojzij Kastelic,m,Branko Meglič in skupina volivcev,0,1,0,0,1,,,,Župan Alojzij Kastelic ali nas slišiš?,,,info@trebnje.si,
OBČINA TRNOVSKA VAS,Alojz Benko,m,SLS,0,1,0,0,1,,,,Župan Alojz Benko ali nas slišiš?,,,obcina.trnovska.vas@siol.net,
OBČINA TRŽIČ,Borut Sajovic,m,Dušan Bodlaj in skupina volivcev,-1,1,0,0,1,,,,Župan Borut Sajovic ali nas slišiš?,,,borut.sajovic@trzic.si,
OBČINA TRZIN,Peter Ložar,m,Nuša Repše in skupina volivcev,1,1,0,1,0,,TRUE,TRUE,Župan Peter Ložar ni izpolnil zaveze iz lokalnih volitev 2018.,ni izpolnil,zaveze iz lokalnih volitev 2018,peter.lozar@trzin.si,
OBČINA TURNIŠČE,Borut Horvat,m,SDS,0,1,0,0,1,,,,Župan Borut Horvat ali nas slišiš?,,,obcina@turnisce.si,
OBČINA VELIKA POLANA,Damijan Jaklin,m,Alojz Jerebic in skupina volivcev,0,1,0,0,1,,,,Župan Damijan Jaklin ali nas slišiš?,,,obcina@velika-polana.si,
OBČINA VELIKE LAŠČE,Tadej Malovrh,m,Tadej Malovrh in skupina volivcev,0,1,0,0,1,,,,Župan Tadej Malovrh ali nas slišiš?,,,zupan@velike-lasce.si ,
OBČINA VERŽEJ,Slavko Petovar,m,SLS,0,1,0,0,1,,,,Župan Slavko Petovar ali nas slišiš?,,,obcina.verzej@siol.net,
OBČINA VIDEM,Branko Marinič,m,SDS,0,1,0,0,1,,,,Župan Branko Marinič ali nas slišiš?,,,branko.marinic@videm.si,
OBČINA VIPAVA,Goran Kodelja,m,Sonja Lukin in skupina volivcev,0,1,0,0,1,,,,Župan Goran Kodelja ali nas slišiš?,,,goran.kodelja@vipava.si,
OBČINA VITANJE,Slavko Vetrih,m,SLS,1,1,0,1,0,,TRUE,TRUE,Župan Slavko Vetrih ni izpolnil zaveze iz lokalnih volitev 2018.,ni izpolnil,zaveze iz lokalnih volitev 2018,slavko.vetrih@vitanje.si,
OBČINA VODICE,Aco Franc Šuštar,m,Marjan Podgoršek in skupina volivcev,0,1,0,0,1,,,,Župan Aco Franc Šuštar ali nas slišiš?,,,obcina@vodice.si,
OBČINA VOJNIK,Branko Petre,m,"NSi, SDS",0,1,0,0,1,,,,Župan Branko Petre ali nas slišiš?,,,obcina@vojnik.si,
OBČINA VRANSKO,Franc Sušnik,m,SDS,0,1,0,0,1,,,,Župan Franc Sušnik ali nas slišiš?,,,obcina.vransko@vransko.si,
OBČINA VRHNIKA,Daniel Cukjati,m,Daniel Cukjati in skupina volivcev,1,1,0,1,0,,TRUE,TRUE,Župan Daniel Cukjati ni izpolnil zaveze iz lokalnih volitev 2018.,ni izpolnil,zaveze iz lokalnih volitev 2018,zupan.obcina@vrhnika.si,
OBČINA ZAGORJE OB SAVI,Matjaž Švagan,m,ZGN - Zagorje gre naprej - Združenje za napredek Zasavja,0,1,0,0,1,,,,Župan Matjaž Švagan ali nas slišiš?,,,matjaz.svagan@zagorje.si,
OBČINA ŽALEC,Janko Kos,m,SD,1,1,0,1,0,,TRUE,TRUE,Župan Janko Kos ni izpolnil zaveze iz lokalnih volitev 2018.,ni izpolnil,zaveze iz lokalnih volitev 2018,janko.kos@zalec.si,
OBČINA ZAVRČ,Slavko Pravdič,m,NSI,0,1,0,0,1,,,,Župan Slavko Pravdič ali nas slišiš?,,,obcina.zavrc@siol.net,
OBČINA ŽELEZNIKI,Anton Luznar,m,SLS,0,1,0,0,1,,,,Župan Anton Luznar ali nas slišiš?,,,anton.luznar@obcina.zelezniki.si,
OBČINA ŽETALE,Anton Butolen,m,Jože Krivec in skupina volivcev,0,1,0,0,1,,,,Župan Anton Butolen ali nas slišiš?,,,zupan.obcina@zetale.si,
OBČINA ŽIRI,Janez Žakelj,m,NSI,0,1,0,0,1,,,,Župan Janez Žakelj ali nas slišiš?,,,obcina.ziri@ziri.si,
OBČINA ŽIROVNICA,Leopold Pogačar,m,"Miran Dolar in skupina volivcev ""Neodvisna lista za Žirovnico""",1,1,0,1,0,,TRUE,TRUE,Župan Leopold Pogačar ni izpolnil zaveze iz lokalnih volitev 2018.,ni izpolnil,zaveze iz lokalnih volitev 2018,zupan@zirovnica.si,
OBČINA ZREČE,Boris Podvršnik,m,SDS,0,1,0,0,1,,,,Župan Boris Podvršnik ali nas slišiš?,,,boris.podvrsnik@zrece.eu,
OBČINA ŽUŽEMBERK,Jože Papež,m,NSI,0,1,0,0,1,,,,Župan Jože Papež ali nas slišiš?,,,obcina.zuzemberk@zuzemberk.si,